[2026-05-05 02:40:03] laravel.EMERGENCY: Unable to create configured logger. Using emergency logger. {"exception":"[object] (InvalidArgumentException(code: 0): Log [] is not defined. at C:\\Users\\ACER\\.gemini\\antigravity\\scratch\\e-surat-kominfo\\vendor\\laravel\\framework\\src\\Illuminate\\Log\\LogManager.php:210)
[stacktrace]
#0 C:\\Users\\ACER\\.gemini\\antigravity\\scratch\\e-surat-kominfo\\vendor\\laravel\\framework\\src\\Illuminate\\Log\\LogManager.php(135): Illuminate\\Log\\LogManager->resolve(NULL, NULL)
#1 C:\\Users\\ACER\\.gemini\\antigravity\\scratch\\e-surat-kominfo\\vendor\\laravel\\framework\\src\\Illuminate\\Log\\LogManager.php(122): Illuminate\\Log\\LogManager->get(NULL)
#2 C:\\Users\\ACER\\.gemini\\antigravity\\scratch\\e-surat-kominfo\\vendor\\laravel\\framework\\src\\Illuminate\\Log\\LogManager.php(645): Illuminate\\Log\\LogManager->driver()
#3 C:\\Users\\ACER\\.gemini\\antigravity\\scratch\\e-surat-kominfo\\vendor\\laravel\\framework\\src\\Illuminate\\Foundation\\Exceptions\\Handler.php(274): Illuminate\\Log\\LogManager->error('SQLSTATE[HY000]...', Array)
#4 C:\\Users\\ACER\\.gemini\\antigravity\\scratch\\e-surat-kominfo\\vendor\\nunomaduro\\collision\\src\\Adapters\\Laravel\\ExceptionHandler.php(46): Illuminate\\Foundation\\Exceptions\\Handler->report(Object(Illuminate\\Database\\QueryException))
#5 C:\\Users\\ACER\\.gemini\\antigravity\\scratch\\e-surat-kominfo\\vendor\\laravel\\framework\\src\\Illuminate\\Foundation\\Console\\Kernel.php(454): NunoMaduro\\Collision\\Adapters\\Laravel\\ExceptionHandler->report(Object(Illuminate\\Database\\QueryException))
#6 C:\\Users\\ACER\\.gemini\\antigravity\\scratch\\e-surat-kominfo\\vendor\\laravel\\framework\\src\\Illuminate\\Foundation\\Console\\Kernel.php(157): Illuminate\\Foundation\\Console\\Kernel->reportException(Object(Illuminate\\Database\\QueryException))
#7 C:\\Users\\ACER\\.gemini\\antigravity\\scratch\\e-surat-kominfo\\artisan(52): Illuminate\\Foundation\\Console\\Kernel->handle(Object(Symfony\\Component\\Console\\Input\\ArgvInput), Object(Symfony\\Component\\Console\\Output\\ConsoleOutput))
#8 {main}
"} 
[2026-05-05 02:40:03] laravel.ERROR: SQLSTATE[HY000] [1049] Unknown database 'e_surat_kominfo' (SQL: select * from information_schema.tables where table_schema = e_surat_kominfo and table_name = migrations and table_type = 'BASE TABLE') {"exception":"[object] (Illuminate\\Database\\QueryException(code: 1049): SQLSTATE[HY000] [1049] Unknown database 'e_surat_kominfo' (SQL: select * from information_schema.tables where table_schema = e_surat_kominfo and table_name = migrations and table_type = 'BASE TABLE') at C:\\Users\\ACER\\.gemini\\antigravity\\scratch\\e-surat-kominfo\\vendor\\laravel\\framework\\src\\Illuminate\\Database\\Connection.php:760)
[stacktrace]
#0 C:\\Users\\ACER\\.gemini\\antigravity\\scratch\\e-surat-kominfo\\vendor\\laravel\\framework\\src\\Illuminate\\Database\\Connection.php(720): Illuminate\\Database\\Connection->runQueryCallback('select * from i...', Array, Object(Closure))
#1 C:\\Users\\ACER\\.gemini\\antigravity\\scratch\\e-surat-kominfo\\vendor\\laravel\\framework\\src\\Illuminate\\Database\\Connection.php(422): Illuminate\\Database\\Connection->run('select * from i...', Array, Object(Closure))
#2 C:\\Users\\ACER\\.gemini\\antigravity\\scratch\\e-surat-kominfo\\vendor\\laravel\\framework\\src\\Illuminate\\Database\\Connection.php(392): Illuminate\\Database\\Connection->select('select * from i...', Array, false)
#3 C:\\Users\\ACER\\.gemini\\antigravity\\scratch\\e-surat-kominfo\\vendor\\laravel\\framework\\src\\Illuminate\\Database\\Schema\\MySqlBuilder.php(44): Illuminate\\Database\\Connection->selectFromWriteConnection('select * from i...', Array)
#4 C:\\Users\\ACER\\.gemini\\antigravity\\scratch\\e-surat-kominfo\\vendor\\laravel\\framework\\src\\Illuminate\\Database\\Migrations\\DatabaseMigrationRepository.php(169): Illuminate\\Database\\Schema\\MySqlBuilder->hasTable('migrations')
#5 C:\\Users\\ACER\\.gemini\\antigravity\\scratch\\e-surat-kominfo\\vendor\\laravel\\framework\\src\\Illuminate\\Database\\Migrations\\Migrator.php(722): Illuminate\\Database\\Migrations\\DatabaseMigrationRepository->repositoryExists()
#6 C:\\Users\\ACER\\.gemini\\antigravity\\scratch\\e-surat-kominfo\\vendor\\laravel\\framework\\src\\Illuminate\\Database\\Console\\Migrations\\MigrateCommand.php(138): Illuminate\\Database\\Migrations\\Migrator->repositoryExists()
#7 C:\\Users\\ACER\\.gemini\\antigravity\\scratch\\e-surat-kominfo\\vendor\\laravel\\framework\\src\\Illuminate\\Support\\helpers.php(260): Illuminate\\Database\\Console\\Migrations\\MigrateCommand->Illuminate\\Database\\Console\\Migrations\\{closure}(1)
#8 C:\\Users\\ACER\\.gemini\\antigravity\\scratch\\e-surat-kominfo\\vendor\\laravel\\framework\\src\\Illuminate\\Database\\Console\\Migrations\\MigrateCommand.php(157): retry(1, Object(Closure), 0, Object(Closure))
#9 C:\\Users\\ACER\\.gemini\\antigravity\\scratch\\e-surat-kominfo\\vendor\\laravel\\framework\\src\\Illuminate\\Database\\Console\\Migrations\\MigrateCommand.php(114): Illuminate\\Database\\Console\\Migrations\\MigrateCommand->repositoryExists()
#10 C:\\Users\\ACER\\.gemini\\antigravity\\scratch\\e-surat-kominfo\\vendor\\laravel\\framework\\src\\Illuminate\\Database\\Console\\Migrations\\MigrateCommand.php(82): Illuminate\\Database\\Console\\Migrations\\MigrateCommand->prepareDatabase()
#11 C:\\Users\\ACER\\.gemini\\antigravity\\scratch\\e-surat-kominfo\\vendor\\laravel\\framework\\src\\Illuminate\\Database\\Migrations\\Migrator.php(636): Illuminate\\Database\\Console\\Migrations\\MigrateCommand->Illuminate\\Database\\Console\\Migrations\\{closure}()
#12 C:\\Users\\ACER\\.gemini\\antigravity\\scratch\\e-surat-kominfo\\vendor\\laravel\\framework\\src\\Illuminate\\Database\\Console\\Migrations\\MigrateCommand.php(102): Illuminate\\Database\\Migrations\\Migrator->usingConnection(NULL, Object(Closure))
#13 C:\\Users\\ACER\\.gemini\\antigravity\\scratch\\e-surat-kominfo\\vendor\\laravel\\framework\\src\\Illuminate\\Container\\BoundMethod.php(36): Illuminate\\Database\\Console\\Migrations\\MigrateCommand->handle()
#14 C:\\Users\\ACER\\.gemini\\antigravity\\scratch\\e-surat-kominfo\\vendor\\laravel\\framework\\src\\Illuminate\\Container\\Util.php(41): Illuminate\\Container\\BoundMethod::Illuminate\\Container\\{closure}()
#15 C:\\Users\\ACER\\.gemini\\antigravity\\scratch\\e-surat-kominfo\\vendor\\laravel\\framework\\src\\Illuminate\\Container\\BoundMethod.php(93): Illuminate\\Container\\Util::unwrapIfClosure(Object(Closure))
#16 C:\\Users\\ACER\\.gemini\\antigravity\\scratch\\e-surat-kominfo\\vendor\\laravel\\framework\\src\\Illuminate\\Container\\BoundMethod.php(37): Illuminate\\Container\\BoundMethod::callBoundMethod(Object(Illuminate\\Foundation\\Application), Array, Object(Closure))
#17 C:\\Users\\ACER\\.gemini\\antigravity\\scratch\\e-surat-kominfo\\vendor\\laravel\\framework\\src\\Illuminate\\Container\\Container.php(661): Illuminate\\Container\\BoundMethod::call(Object(Illuminate\\Foundation\\Application), Array, Array, NULL)
#18 C:\\Users\\ACER\\.gemini\\antigravity\\scratch\\e-surat-kominfo\\vendor\\laravel\\framework\\src\\Illuminate\\Console\\Command.php(183): Illuminate\\Container\\Container->call(Array)
#19 C:\\Users\\ACER\\.gemini\\antigravity\\scratch\\e-surat-kominfo\\vendor\\symfony\\console\\Command\\Command.php(291): Illuminate\\Console\\Command->execute(Object(Symfony\\Component\\Console\\Input\\ArgvInput), Object(Illuminate\\Console\\OutputStyle))
#20 C:\\Users\\ACER\\.gemini\\antigravity\\scratch\\e-surat-kominfo\\vendor\\laravel\\framework\\src\\Illuminate\\Console\\Command.php(153): Symfony\\Component\\Console\\Command\\Command->run(Object(Symfony\\Component\\Console\\Input\\ArgvInput), Object(Illuminate\\Console\\OutputStyle))
#21 C:\\Users\\ACER\\.gemini\\antigravity\\scratch\\e-surat-kominfo\\vendor\\symfony\\console\\Application.php(1014): Illuminate\\Console\\Command->run(Object(Symfony\\Component\\Console\\Input\\ArgvInput), Object(Symfony\\Component\\Console\\Output\\ConsoleOutput))
#22 C:\\Users\\ACER\\.gemini\\antigravity\\scratch\\e-surat-kominfo\\vendor\\symfony\\console\\Application.php(301): Symfony\\Component\\Console\\Application->doRunCommand(Object(Illuminate\\Database\\Console\\Migrations\\MigrateCommand), Object(Symfony\\Component\\Console\\Input\\ArgvInput), Object(Symfony\\Component\\Console\\Output\\ConsoleOutput))
#23 C:\\Users\\ACER\\.gemini\\antigravity\\scratch\\e-surat-kominfo\\vendor\\symfony\\console\\Application.php(171): Symfony\\Component\\Console\\Application->doRun(Object(Symfony\\Component\\Console\\Input\\ArgvInput), Object(Symfony\\Component\\Console\\Output\\ConsoleOutput))
#24 C:\\Users\\ACER\\.gemini\\antigravity\\scratch\\e-surat-kominfo\\vendor\\laravel\\framework\\src\\Illuminate\\Console\\Application.php(102): Symfony\\Component\\Console\\Application->run(Object(Symfony\\Component\\Console\\Input\\ArgvInput), Object(Symfony\\Component\\Console\\Output\\ConsoleOutput))
#25 C:\\Users\\ACER\\.gemini\\antigravity\\scratch\\e-surat-kominfo\\vendor\\laravel\\framework\\src\\Illuminate\\Foundation\\Console\\Kernel.php(155): Illuminate\\Console\\Application->run(Object(Symfony\\Component\\Console\\Input\\ArgvInput), Object(Symfony\\Component\\Console\\Output\\ConsoleOutput))
#26 C:\\Users\\ACER\\.gemini\\antigravity\\scratch\\e-surat-kominfo\\artisan(52): Illuminate\\Foundation\\Console\\Kernel->handle(Object(Symfony\\Component\\Console\\Input\\ArgvInput), Object(Symfony\\Component\\Console\\Output\\ConsoleOutput))
#27 {main}

[previous exception] [object] (PDOException(code: 1049): SQLSTATE[HY000] [1049] Unknown database 'e_surat_kominfo' at C:\\Users\\ACER\\.gemini\\antigravity\\scratch\\e-surat-kominfo\\vendor\\laravel\\framework\\src\\Illuminate\\Database\\Connectors\\Connector.php:70)
[stacktrace]
#0 C:\\Users\\ACER\\.gemini\\antigravity\\scratch\\e-surat-kominfo\\vendor\\laravel\\framework\\src\\Illuminate\\Database\\Connectors\\Connector.php(70): PDO->__construct('mysql:host=127....', 'root', '', Array)
#1 C:\\Users\\ACER\\.gemini\\antigravity\\scratch\\e-surat-kominfo\\vendor\\laravel\\framework\\src\\Illuminate\\Database\\Connectors\\Connector.php(46): Illuminate\\Database\\Connectors\\Connector->createPdoConnection('mysql:host=127....', 'root', '', Array)
#2 C:\\Users\\ACER\\.gemini\\antigravity\\scratch\\e-surat-kominfo\\vendor\\laravel\\framework\\src\\Illuminate\\Database\\Connectors\\MySqlConnector.php(24): Illuminate\\Database\\Connectors\\Connector->createConnection('mysql:host=127....', Array, Array)
#3 C:\\Users\\ACER\\.gemini\\antigravity\\scratch\\e-surat-kominfo\\vendor\\laravel\\framework\\src\\Illuminate\\Database\\Connectors\\ConnectionFactory.php(184): Illuminate\\Database\\Connectors\\MySqlConnector->connect(Array)
#4 [internal function]: Illuminate\\Database\\Connectors\\ConnectionFactory->Illuminate\\Database\\Connectors\\{closure}()
#5 C:\\Users\\ACER\\.gemini\\antigravity\\scratch\\e-surat-kominfo\\vendor\\laravel\\framework\\src\\Illuminate\\Database\\Connection.php(1181): call_user_func(Object(Closure))
#6 C:\\Users\\ACER\\.gemini\\antigravity\\scratch\\e-surat-kominfo\\vendor\\laravel\\framework\\src\\Illuminate\\Database\\Connection.php(486): Illuminate\\Database\\Connection->getPdo()
#7 C:\\Users\\ACER\\.gemini\\antigravity\\scratch\\e-surat-kominfo\\vendor\\laravel\\framework\\src\\Illuminate\\Database\\Connection.php(414): Illuminate\\Database\\Connection->getPdoForSelect(false)
#8 C:\\Users\\ACER\\.gemini\\antigravity\\scratch\\e-surat-kominfo\\vendor\\laravel\\framework\\src\\Illuminate\\Database\\Connection.php(753): Illuminate\\Database\\Connection->Illuminate\\Database\\{closure}('select * from i...', Array)
#9 C:\\Users\\ACER\\.gemini\\antigravity\\scratch\\e-surat-kominfo\\vendor\\laravel\\framework\\src\\Illuminate\\Database\\Connection.php(720): Illuminate\\Database\\Connection->runQueryCallback('select * from i...', Array, Object(Closure))
#10 C:\\Users\\ACER\\.gemini\\antigravity\\scratch\\e-surat-kominfo\\vendor\\laravel\\framework\\src\\Illuminate\\Database\\Connection.php(422): Illuminate\\Database\\Connection->run('select * from i...', Array, Object(Closure))
#11 C:\\Users\\ACER\\.gemini\\antigravity\\scratch\\e-surat-kominfo\\vendor\\laravel\\framework\\src\\Illuminate\\Database\\Connection.php(392): Illuminate\\Database\\Connection->select('select * from i...', Array, false)
#12 C:\\Users\\ACER\\.gemini\\antigravity\\scratch\\e-surat-kominfo\\vendor\\laravel\\framework\\src\\Illuminate\\Database\\Schema\\MySqlBuilder.php(44): Illuminate\\Database\\Connection->selectFromWriteConnection('select * from i...', Array)
#13 C:\\Users\\ACER\\.gemini\\antigravity\\scratch\\e-surat-kominfo\\vendor\\laravel\\framework\\src\\Illuminate\\Database\\Migrations\\DatabaseMigrationRepository.php(169): Illuminate\\Database\\Schema\\MySqlBuilder->hasTable('migrations')
#14 C:\\Users\\ACER\\.gemini\\antigravity\\scratch\\e-surat-kominfo\\vendor\\laravel\\framework\\src\\Illuminate\\Database\\Migrations\\Migrator.php(722): Illuminate\\Database\\Migrations\\DatabaseMigrationRepository->repositoryExists()
#15 C:\\Users\\ACER\\.gemini\\antigravity\\scratch\\e-surat-kominfo\\vendor\\laravel\\framework\\src\\Illuminate\\Database\\Console\\Migrations\\MigrateCommand.php(138): Illuminate\\Database\\Migrations\\Migrator->repositoryExists()
#16 C:\\Users\\ACER\\.gemini\\antigravity\\scratch\\e-surat-kominfo\\vendor\\laravel\\framework\\src\\Illuminate\\Support\\helpers.php(260): Illuminate\\Database\\Console\\Migrations\\MigrateCommand->Illuminate\\Database\\Console\\Migrations\\{closure}(1)
#17 C:\\Users\\ACER\\.gemini\\antigravity\\scratch\\e-surat-kominfo\\vendor\\laravel\\framework\\src\\Illuminate\\Database\\Console\\Migrations\\MigrateCommand.php(157): retry(1, Object(Closure), 0, Object(Closure))
#18 C:\\Users\\ACER\\.gemini\\antigravity\\scratch\\e-surat-kominfo\\vendor\\laravel\\framework\\src\\Illuminate\\Database\\Console\\Migrations\\MigrateCommand.php(114): Illuminate\\Database\\Console\\Migrations\\MigrateCommand->repositoryExists()
#19 C:\\Users\\ACER\\.gemini\\antigravity\\scratch\\e-surat-kominfo\\vendor\\laravel\\framework\\src\\Illuminate\\Database\\Console\\Migrations\\MigrateCommand.php(82): Illuminate\\Database\\Console\\Migrations\\MigrateCommand->prepareDatabase()
#20 C:\\Users\\ACER\\.gemini\\antigravity\\scratch\\e-surat-kominfo\\vendor\\laravel\\framework\\src\\Illuminate\\Database\\Migrations\\Migrator.php(636): Illuminate\\Database\\Console\\Migrations\\MigrateCommand->Illuminate\\Database\\Console\\Migrations\\{closure}()
#21 C:\\Users\\ACER\\.gemini\\antigravity\\scratch\\e-surat-kominfo\\vendor\\laravel\\framework\\src\\Illuminate\\Database\\Console\\Migrations\\MigrateCommand.php(102): Illuminate\\Database\\Migrations\\Migrator->usingConnection(NULL, Object(Closure))
#22 C:\\Users\\ACER\\.gemini\\antigravity\\scratch\\e-surat-kominfo\\vendor\\laravel\\framework\\src\\Illuminate\\Container\\BoundMethod.php(36): Illuminate\\Database\\Console\\Migrations\\MigrateCommand->handle()
#23 C:\\Users\\ACER\\.gemini\\antigravity\\scratch\\e-surat-kominfo\\vendor\\laravel\\framework\\src\\Illuminate\\Container\\Util.php(41): Illuminate\\Container\\BoundMethod::Illuminate\\Container\\{closure}()
#24 C:\\Users\\ACER\\.gemini\\antigravity\\scratch\\e-surat-kominfo\\vendor\\laravel\\framework\\src\\Illuminate\\Container\\BoundMethod.php(93): Illuminate\\Container\\Util::unwrapIfClosure(Object(Closure))
#25 C:\\Users\\ACER\\.gemini\\antigravity\\scratch\\e-surat-kominfo\\vendor\\laravel\\framework\\src\\Illuminate\\Container\\BoundMethod.php(37): Illuminate\\Container\\BoundMethod::callBoundMethod(Object(Illuminate\\Foundation\\Application), Array, Object(Closure))
#26 C:\\Users\\ACER\\.gemini\\antigravity\\scratch\\e-surat-kominfo\\vendor\\laravel\\framework\\src\\Illuminate\\Container\\Container.php(661): Illuminate\\Container\\BoundMethod::call(Object(Illuminate\\Foundation\\Application), Array, Array, NULL)
#27 C:\\Users\\ACER\\.gemini\\antigravity\\scratch\\e-surat-kominfo\\vendor\\laravel\\framework\\src\\Illuminate\\Console\\Command.php(183): Illuminate\\Container\\Container->call(Array)
#28 C:\\Users\\ACER\\.gemini\\antigravity\\scratch\\e-surat-kominfo\\vendor\\symfony\\console\\Command\\Command.php(291): Illuminate\\Console\\Command->execute(Object(Symfony\\Component\\Console\\Input\\ArgvInput), Object(Illuminate\\Console\\OutputStyle))
#29 C:\\Users\\ACER\\.gemini\\antigravity\\scratch\\e-surat-kominfo\\vendor\\laravel\\framework\\src\\Illuminate\\Console\\Command.php(153): Symfony\\Component\\Console\\Command\\Command->run(Object(Symfony\\Component\\Console\\Input\\ArgvInput), Object(Illuminate\\Console\\OutputStyle))
#30 C:\\Users\\ACER\\.gemini\\antigravity\\scratch\\e-surat-kominfo\\vendor\\symfony\\console\\Application.php(1014): Illuminate\\Console\\Command->run(Object(Symfony\\Component\\Console\\Input\\ArgvInput), Object(Symfony\\Component\\Console\\Output\\ConsoleOutput))
#31 C:\\Users\\ACER\\.gemini\\antigravity\\scratch\\e-surat-kominfo\\vendor\\symfony\\console\\Application.php(301): Symfony\\Component\\Console\\Application->doRunCommand(Object(Illuminate\\Database\\Console\\Migrations\\MigrateCommand), Object(Symfony\\Component\\Console\\Input\\ArgvInput), Object(Symfony\\Component\\Console\\Output\\ConsoleOutput))
#32 C:\\Users\\ACER\\.gemini\\antigravity\\scratch\\e-surat-kominfo\\vendor\\symfony\\console\\Application.php(171): Symfony\\Component\\Console\\Application->doRun(Object(Symfony\\Component\\Console\\Input\\ArgvInput), Object(Symfony\\Component\\Console\\Output\\ConsoleOutput))
#33 C:\\Users\\ACER\\.gemini\\antigravity\\scratch\\e-surat-kominfo\\vendor\\laravel\\framework\\src\\Illuminate\\Console\\Application.php(102): Symfony\\Component\\Console\\Application->run(Object(Symfony\\Component\\Console\\Input\\ArgvInput), Object(Symfony\\Component\\Console\\Output\\ConsoleOutput))
#34 C:\\Users\\ACER\\.gemini\\antigravity\\scratch\\e-surat-kominfo\\vendor\\laravel\\framework\\src\\Illuminate\\Foundation\\Console\\Kernel.php(155): Illuminate\\Console\\Application->run(Object(Symfony\\Component\\Console\\Input\\ArgvInput), Object(Symfony\\Component\\Console\\Output\\ConsoleOutput))
#35 C:\\Users\\ACER\\.gemini\\antigravity\\scratch\\e-surat-kominfo\\artisan(52): Illuminate\\Foundation\\Console\\Kernel->handle(Object(Symfony\\Component\\Console\\Input\\ArgvInput), Object(Symfony\\Component\\Console\\Output\\ConsoleOutput))
#36 {main}
"} 
[2026-05-05 02:40:27] laravel.EMERGENCY: Unable to create configured logger. Using emergency logger. {"exception":"[object] (InvalidArgumentException(code: 0): Log [] is not defined. at C:\\Users\\ACER\\.gemini\\antigravity\\scratch\\e-surat-kominfo\\vendor\\laravel\\framework\\src\\Illuminate\\Log\\LogManager.php:210)
[stacktrace]
#0 C:\\Users\\ACER\\.gemini\\antigravity\\scratch\\e-surat-kominfo\\vendor\\laravel\\framework\\src\\Illuminate\\Log\\LogManager.php(135): Illuminate\\Log\\LogManager->resolve(NULL, NULL)
#1 C:\\Users\\ACER\\.gemini\\antigravity\\scratch\\e-surat-kominfo\\vendor\\laravel\\framework\\src\\Illuminate\\Log\\LogManager.php(122): Illuminate\\Log\\LogManager->get(NULL)
#2 C:\\Users\\ACER\\.gemini\\antigravity\\scratch\\e-surat-kominfo\\vendor\\laravel\\framework\\src\\Illuminate\\Log\\LogManager.php(645): Illuminate\\Log\\LogManager->driver()
#3 C:\\Users\\ACER\\.gemini\\antigravity\\scratch\\e-surat-kominfo\\vendor\\laravel\\framework\\src\\Illuminate\\Foundation\\Exceptions\\Handler.php(274): Illuminate\\Log\\LogManager->error('Call to undefin...', Array)
#4 C:\\Users\\ACER\\.gemini\\antigravity\\scratch\\e-surat-kominfo\\vendor\\nunomaduro\\collision\\src\\Adapters\\Laravel\\ExceptionHandler.php(46): Illuminate\\Foundation\\Exceptions\\Handler->report(Object(Illuminate\\Database\\Eloquent\\InvalidCastException))
#5 C:\\Users\\ACER\\.gemini\\antigravity\\scratch\\e-surat-kominfo\\vendor\\laravel\\framework\\src\\Illuminate\\Foundation\\Console\\Kernel.php(454): NunoMaduro\\Collision\\Adapters\\Laravel\\ExceptionHandler->report(Object(Illuminate\\Database\\Eloquent\\InvalidCastException))
#6 C:\\Users\\ACER\\.gemini\\antigravity\\scratch\\e-surat-kominfo\\vendor\\laravel\\framework\\src\\Illuminate\\Foundation\\Console\\Kernel.php(157): Illuminate\\Foundation\\Console\\Kernel->reportException(Object(Illuminate\\Database\\Eloquent\\InvalidCastException))
#7 C:\\Users\\ACER\\.gemini\\antigravity\\scratch\\e-surat-kominfo\\artisan(52): Illuminate\\Foundation\\Console\\Kernel->handle(Object(Symfony\\Component\\Console\\Input\\ArgvInput), Object(Symfony\\Component\\Console\\Output\\ConsoleOutput))
#8 {main}
"} 
[2026-05-05 02:40:27] laravel.ERROR: Call to undefined cast [hashed] on column [password] in model [App\Models\User]. {"exception":"[object] (Illuminate\\Database\\Eloquent\\InvalidCastException(code: 0): Call to undefined cast [hashed] on column [password] in model [App\\Models\\User]. at C:\\Users\\ACER\\.gemini\\antigravity\\scratch\\e-surat-kominfo\\vendor\\laravel\\framework\\src\\Illuminate\\Database\\Eloquent\\Concerns\\HasAttributes.php:1587)
[stacktrace]
#0 C:\\Users\\ACER\\.gemini\\antigravity\\scratch\\e-surat-kominfo\\vendor\\laravel\\framework\\src\\Illuminate\\Database\\Eloquent\\Concerns\\HasAttributes.php(973): Illuminate\\Database\\Eloquent\\Model->isClassCastable('password')
#1 C:\\Users\\ACER\\.gemini\\antigravity\\scratch\\e-surat-kominfo\\vendor\\laravel\\framework\\src\\Illuminate\\Database\\Eloquent\\Model.php(518): Illuminate\\Database\\Eloquent\\Model->setAttribute('password', '$2y$10$EG69vxCV...')
#2 C:\\Users\\ACER\\.gemini\\antigravity\\scratch\\e-surat-kominfo\\vendor\\laravel\\framework\\src\\Illuminate\\Database\\Eloquent\\Model.php(612): Illuminate\\Database\\Eloquent\\Model->fill(Array)
#3 C:\\Users\\ACER\\.gemini\\antigravity\\scratch\\e-surat-kominfo\\vendor\\laravel\\framework\\src\\Illuminate\\Database\\Eloquent\\Builder.php(1455): Illuminate\\Database\\Eloquent\\Model->newInstance(Array)
#4 C:\\Users\\ACER\\.gemini\\antigravity\\scratch\\e-surat-kominfo\\vendor\\laravel\\framework\\src\\Illuminate\\Database\\Eloquent\\Builder.php(985): Illuminate\\Database\\Eloquent\\Builder->newModelInstance(Array)
#5 C:\\Users\\ACER\\.gemini\\antigravity\\scratch\\e-surat-kominfo\\vendor\\laravel\\framework\\src\\Illuminate\\Support\\Traits\\ForwardsCalls.php(23): Illuminate\\Database\\Eloquent\\Builder->create(Array)
#6 C:\\Users\\ACER\\.gemini\\antigravity\\scratch\\e-surat-kominfo\\vendor\\laravel\\framework\\src\\Illuminate\\Database\\Eloquent\\Model.php(2330): Illuminate\\Database\\Eloquent\\Model->forwardCallTo(Object(Illuminate\\Database\\Eloquent\\Builder), 'create', Array)
#7 C:\\Users\\ACER\\.gemini\\antigravity\\scratch\\e-surat-kominfo\\vendor\\laravel\\framework\\src\\Illuminate\\Database\\Eloquent\\Model.php(2342): Illuminate\\Database\\Eloquent\\Model->__call('create', Array)
#8 C:\\Users\\ACER\\.gemini\\antigravity\\scratch\\e-surat-kominfo\\database\\seeders\\DatabaseSeeder.php(24): Illuminate\\Database\\Eloquent\\Model::__callStatic('create', Array)
#9 C:\\Users\\ACER\\.gemini\\antigravity\\scratch\\e-surat-kominfo\\vendor\\laravel\\framework\\src\\Illuminate\\Container\\BoundMethod.php(36): Database\\Seeders\\DatabaseSeeder->run()
#10 C:\\Users\\ACER\\.gemini\\antigravity\\scratch\\e-surat-kominfo\\vendor\\laravel\\framework\\src\\Illuminate\\Container\\Util.php(41): Illuminate\\Container\\BoundMethod::Illuminate\\Container\\{closure}()
#11 C:\\Users\\ACER\\.gemini\\antigravity\\scratch\\e-surat-kominfo\\vendor\\laravel\\framework\\src\\Illuminate\\Container\\BoundMethod.php(93): Illuminate\\Container\\Util::unwrapIfClosure(Object(Closure))
#12 C:\\Users\\ACER\\.gemini\\antigravity\\scratch\\e-surat-kominfo\\vendor\\laravel\\framework\\src\\Illuminate\\Container\\BoundMethod.php(37): Illuminate\\Container\\BoundMethod::callBoundMethod(Object(Illuminate\\Foundation\\Application), Array, Object(Closure))
#13 C:\\Users\\ACER\\.gemini\\antigravity\\scratch\\e-surat-kominfo\\vendor\\laravel\\framework\\src\\Illuminate\\Container\\Container.php(661): Illuminate\\Container\\BoundMethod::call(Object(Illuminate\\Foundation\\Application), Array, Array, NULL)
#14 C:\\Users\\ACER\\.gemini\\antigravity\\scratch\\e-surat-kominfo\\vendor\\laravel\\framework\\src\\Illuminate\\Database\\Seeder.php(184): Illuminate\\Container\\Container->call(Array, Array)
#15 C:\\Users\\ACER\\.gemini\\antigravity\\scratch\\e-surat-kominfo\\vendor\\laravel\\framework\\src\\Illuminate\\Database\\Seeder.php(193): Illuminate\\Database\\Seeder->Illuminate\\Database\\{closure}()
#16 C:\\Users\\ACER\\.gemini\\antigravity\\scratch\\e-surat-kominfo\\vendor\\laravel\\framework\\src\\Illuminate\\Database\\Console\\Seeds\\SeedCommand.php(81): Illuminate\\Database\\Seeder->__invoke()
#17 C:\\Users\\ACER\\.gemini\\antigravity\\scratch\\e-surat-kominfo\\vendor\\laravel\\framework\\src\\Illuminate\\Database\\Eloquent\\Concerns\\GuardsAttributes.php(155): Illuminate\\Database\\Console\\Seeds\\SeedCommand->Illuminate\\Database\\Console\\Seeds\\{closure}()
#18 C:\\Users\\ACER\\.gemini\\antigravity\\scratch\\e-surat-kominfo\\vendor\\laravel\\framework\\src\\Illuminate\\Database\\Console\\Seeds\\SeedCommand.php(82): Illuminate\\Database\\Eloquent\\Model::unguarded(Object(Closure))
#19 C:\\Users\\ACER\\.gemini\\antigravity\\scratch\\e-surat-kominfo\\vendor\\laravel\\framework\\src\\Illuminate\\Container\\BoundMethod.php(36): Illuminate\\Database\\Console\\Seeds\\SeedCommand->handle()
#20 C:\\Users\\ACER\\.gemini\\antigravity\\scratch\\e-surat-kominfo\\vendor\\laravel\\framework\\src\\Illuminate\\Container\\Util.php(41): Illuminate\\Container\\BoundMethod::Illuminate\\Container\\{closure}()
#21 C:\\Users\\ACER\\.gemini\\antigravity\\scratch\\e-surat-kominfo\\vendor\\laravel\\framework\\src\\Illuminate\\Container\\BoundMethod.php(93): Illuminate\\Container\\Util::unwrapIfClosure(Object(Closure))
#22 C:\\Users\\ACER\\.gemini\\antigravity\\scratch\\e-surat-kominfo\\vendor\\laravel\\framework\\src\\Illuminate\\Container\\BoundMethod.php(37): Illuminate\\Container\\BoundMethod::callBoundMethod(Object(Illuminate\\Foundation\\Application), Array, Object(Closure))
#23 C:\\Users\\ACER\\.gemini\\antigravity\\scratch\\e-surat-kominfo\\vendor\\laravel\\framework\\src\\Illuminate\\Container\\Container.php(661): Illuminate\\Container\\BoundMethod::call(Object(Illuminate\\Foundation\\Application), Array, Array, NULL)
#24 C:\\Users\\ACER\\.gemini\\antigravity\\scratch\\e-surat-kominfo\\vendor\\laravel\\framework\\src\\Illuminate\\Console\\Command.php(183): Illuminate\\Container\\Container->call(Array)
#25 C:\\Users\\ACER\\.gemini\\antigravity\\scratch\\e-surat-kominfo\\vendor\\symfony\\console\\Command\\Command.php(291): Illuminate\\Console\\Command->execute(Object(Symfony\\Component\\Console\\Input\\ArrayInput), Object(Illuminate\\Console\\OutputStyle))
#26 C:\\Users\\ACER\\.gemini\\antigravity\\scratch\\e-surat-kominfo\\vendor\\laravel\\framework\\src\\Illuminate\\Console\\Command.php(153): Symfony\\Component\\Console\\Command\\Command->run(Object(Symfony\\Component\\Console\\Input\\ArrayInput), Object(Illuminate\\Console\\OutputStyle))
#27 C:\\Users\\ACER\\.gemini\\antigravity\\scratch\\e-surat-kominfo\\vendor\\laravel\\framework\\src\\Illuminate\\Console\\Concerns\\CallsCommands.php(68): Illuminate\\Console\\Command->run(Object(Symfony\\Component\\Console\\Input\\ArrayInput), Object(Illuminate\\Console\\OutputStyle))
#28 C:\\Users\\ACER\\.gemini\\antigravity\\scratch\\e-surat-kominfo\\vendor\\laravel\\framework\\src\\Illuminate\\Console\\Concerns\\CallsCommands.php(28): Illuminate\\Console\\Command->runCommand('db:seed', Array, Object(Illuminate\\Console\\OutputStyle))
#29 C:\\Users\\ACER\\.gemini\\antigravity\\scratch\\e-surat-kominfo\\vendor\\laravel\\framework\\src\\Illuminate\\Database\\Console\\Migrations\\MigrateCommand.php(98): Illuminate\\Console\\Command->call('db:seed', Array)
#30 C:\\Users\\ACER\\.gemini\\antigravity\\scratch\\e-surat-kominfo\\vendor\\laravel\\framework\\src\\Illuminate\\Database\\Migrations\\Migrator.php(636): Illuminate\\Database\\Console\\Migrations\\MigrateCommand->Illuminate\\Database\\Console\\Migrations\\{closure}()
#31 C:\\Users\\ACER\\.gemini\\antigravity\\scratch\\e-surat-kominfo\\vendor\\laravel\\framework\\src\\Illuminate\\Database\\Console\\Migrations\\MigrateCommand.php(102): Illuminate\\Database\\Migrations\\Migrator->usingConnection(NULL, Object(Closure))
#32 C:\\Users\\ACER\\.gemini\\antigravity\\scratch\\e-surat-kominfo\\vendor\\laravel\\framework\\src\\Illuminate\\Container\\BoundMethod.php(36): Illuminate\\Database\\Console\\Migrations\\MigrateCommand->handle()
#33 C:\\Users\\ACER\\.gemini\\antigravity\\scratch\\e-surat-kominfo\\vendor\\laravel\\framework\\src\\Illuminate\\Container\\Util.php(41): Illuminate\\Container\\BoundMethod::Illuminate\\Container\\{closure}()
#34 C:\\Users\\ACER\\.gemini\\antigravity\\scratch\\e-surat-kominfo\\vendor\\laravel\\framework\\src\\Illuminate\\Container\\BoundMethod.php(93): Illuminate\\Container\\Util::unwrapIfClosure(Object(Closure))
#35 C:\\Users\\ACER\\.gemini\\antigravity\\scratch\\e-surat-kominfo\\vendor\\laravel\\framework\\src\\Illuminate\\Container\\BoundMethod.php(37): Illuminate\\Container\\BoundMethod::callBoundMethod(Object(Illuminate\\Foundation\\Application), Array, Object(Closure))
#36 C:\\Users\\ACER\\.gemini\\antigravity\\scratch\\e-surat-kominfo\\vendor\\laravel\\framework\\src\\Illuminate\\Container\\Container.php(661): Illuminate\\Container\\BoundMethod::call(Object(Illuminate\\Foundation\\Application), Array, Array, NULL)
#37 C:\\Users\\ACER\\.gemini\\antigravity\\scratch\\e-surat-kominfo\\vendor\\laravel\\framework\\src\\Illuminate\\Console\\Command.php(183): Illuminate\\Container\\Container->call(Array)
#38 C:\\Users\\ACER\\.gemini\\antigravity\\scratch\\e-surat-kominfo\\vendor\\symfony\\console\\Command\\Command.php(291): Illuminate\\Console\\Command->execute(Object(Symfony\\Component\\Console\\Input\\ArgvInput), Object(Illuminate\\Console\\OutputStyle))
#39 C:\\Users\\ACER\\.gemini\\antigravity\\scratch\\e-surat-kominfo\\vendor\\laravel\\framework\\src\\Illuminate\\Console\\Command.php(153): Symfony\\Component\\Console\\Command\\Command->run(Object(Symfony\\Component\\Console\\Input\\ArgvInput), Object(Illuminate\\Console\\OutputStyle))
#40 C:\\Users\\ACER\\.gemini\\antigravity\\scratch\\e-surat-kominfo\\vendor\\symfony\\console\\Application.php(1014): Illuminate\\Console\\Command->run(Object(Symfony\\Component\\Console\\Input\\ArgvInput), Object(Symfony\\Component\\Console\\Output\\ConsoleOutput))
#41 C:\\Users\\ACER\\.gemini\\antigravity\\scratch\\e-surat-kominfo\\vendor\\symfony\\console\\Application.php(301): Symfony\\Component\\Console\\Application->doRunCommand(Object(Illuminate\\Database\\Console\\Migrations\\MigrateCommand), Object(Symfony\\Component\\Console\\Input\\ArgvInput), Object(Symfony\\Component\\Console\\Output\\ConsoleOutput))
#42 C:\\Users\\ACER\\.gemini\\antigravity\\scratch\\e-surat-kominfo\\vendor\\symfony\\console\\Application.php(171): Symfony\\Component\\Console\\Application->doRun(Object(Symfony\\Component\\Console\\Input\\ArgvInput), Object(Symfony\\Component\\Console\\Output\\ConsoleOutput))
#43 C:\\Users\\ACER\\.gemini\\antigravity\\scratch\\e-surat-kominfo\\vendor\\laravel\\framework\\src\\Illuminate\\Console\\Application.php(102): Symfony\\Component\\Console\\Application->run(Object(Symfony\\Component\\Console\\Input\\ArgvInput), Object(Symfony\\Component\\Console\\Output\\ConsoleOutput))
#44 C:\\Users\\ACER\\.gemini\\antigravity\\scratch\\e-surat-kominfo\\vendor\\laravel\\framework\\src\\Illuminate\\Foundation\\Console\\Kernel.php(155): Illuminate\\Console\\Application->run(Object(Symfony\\Component\\Console\\Input\\ArgvInput), Object(Symfony\\Component\\Console\\Output\\ConsoleOutput))
#45 C:\\Users\\ACER\\.gemini\\antigravity\\scratch\\e-surat-kominfo\\artisan(52): Illuminate\\Foundation\\Console\\Kernel->handle(Object(Symfony\\Component\\Console\\Input\\ArgvInput), Object(Symfony\\Component\\Console\\Output\\ConsoleOutput))
#46 {main}
"} 
[2026-05-05 02:44:20] laravel.EMERGENCY: Unable to create configured logger. Using emergency logger. {"exception":"[object] (InvalidArgumentException(code: 0): Log [] is not defined. at C:\\Users\\ACER\\.gemini\\antigravity\\scratch\\e-surat-kominfo\\vendor\\laravel\\framework\\src\\Illuminate\\Log\\LogManager.php:210)
[stacktrace]
#0 C:\\Users\\ACER\\.gemini\\antigravity\\scratch\\e-surat-kominfo\\vendor\\laravel\\framework\\src\\Illuminate\\Log\\LogManager.php(135): Illuminate\\Log\\LogManager->resolve(NULL, NULL)
#1 C:\\Users\\ACER\\.gemini\\antigravity\\scratch\\e-surat-kominfo\\vendor\\laravel\\framework\\src\\Illuminate\\Log\\LogManager.php(122): Illuminate\\Log\\LogManager->get(NULL)
#2 C:\\Users\\ACER\\.gemini\\antigravity\\scratch\\e-surat-kominfo\\vendor\\laravel\\framework\\src\\Illuminate\\Log\\LogManager.php(645): Illuminate\\Log\\LogManager->driver()
#3 C:\\Users\\ACER\\.gemini\\antigravity\\scratch\\e-surat-kominfo\\vendor\\laravel\\framework\\src\\Illuminate\\Foundation\\Exceptions\\Handler.php(274): Illuminate\\Log\\LogManager->error('Class \"App\\\\Http...', Array)
#4 C:\\Users\\ACER\\.gemini\\antigravity\\scratch\\e-surat-kominfo\\vendor\\laravel\\framework\\src\\Illuminate\\Routing\\Pipeline.php(49): Illuminate\\Foundation\\Exceptions\\Handler->report(Object(Error))
#5 C:\\Users\\ACER\\.gemini\\antigravity\\scratch\\e-surat-kominfo\\vendor\\laravel\\framework\\src\\Illuminate\\Pipeline\\Pipeline.php(143): Illuminate\\Routing\\Pipeline->handleException(Object(Illuminate\\Http\\Request), Object(Error))
#6 C:\\Users\\ACER\\.gemini\\antigravity\\scratch\\e-surat-kominfo\\vendor\\laravel\\framework\\src\\Illuminate\\Foundation\\Http\\Middleware\\TransformsRequest.php(21): Illuminate\\Pipeline\\Pipeline->Illuminate\\Pipeline\\{closure}(Object(Illuminate\\Http\\Request))
#7 C:\\Users\\ACER\\.gemini\\antigravity\\scratch\\e-surat-kominfo\\vendor\\laravel\\framework\\src\\Illuminate\\Foundation\\Http\\Middleware\\ConvertEmptyStringsToNull.php(31): Illuminate\\Foundation\\Http\\Middleware\\TransformsRequest->handle(Object(Illuminate\\Http\\Request), Object(Closure))
#8 C:\\Users\\ACER\\.gemini\\antigravity\\scratch\\e-surat-kominfo\\vendor\\laravel\\framework\\src\\Illuminate\\Pipeline\\Pipeline.php(180): Illuminate\\Foundation\\Http\\Middleware\\ConvertEmptyStringsToNull->handle(Object(Illuminate\\Http\\Request), Object(Closure))
#9 C:\\Users\\ACER\\.gemini\\antigravity\\scratch\\e-surat-kominfo\\vendor\\laravel\\framework\\src\\Illuminate\\Foundation\\Http\\Middleware\\TransformsRequest.php(21): Illuminate\\Pipeline\\Pipeline->Illuminate\\Pipeline\\{closure}(Object(Illuminate\\Http\\Request))
#10 C:\\Users\\ACER\\.gemini\\antigravity\\scratch\\e-surat-kominfo\\vendor\\laravel\\framework\\src\\Illuminate\\Foundation\\Http\\Middleware\\TrimStrings.php(40): Illuminate\\Foundation\\Http\\Middleware\\TransformsRequest->handle(Object(Illuminate\\Http\\Request), Object(Closure))
#11 C:\\Users\\ACER\\.gemini\\antigravity\\scratch\\e-surat-kominfo\\vendor\\laravel\\framework\\src\\Illuminate\\Pipeline\\Pipeline.php(180): Illuminate\\Foundation\\Http\\Middleware\\TrimStrings->handle(Object(Illuminate\\Http\\Request), Object(Closure))
#12 C:\\Users\\ACER\\.gemini\\antigravity\\scratch\\e-surat-kominfo\\vendor\\laravel\\framework\\src\\Illuminate\\Foundation\\Http\\Middleware\\ValidatePostSize.php(27): Illuminate\\Pipeline\\Pipeline->Illuminate\\Pipeline\\{closure}(Object(Illuminate\\Http\\Request))
#13 C:\\Users\\ACER\\.gemini\\antigravity\\scratch\\e-surat-kominfo\\vendor\\laravel\\framework\\src\\Illuminate\\Pipeline\\Pipeline.php(180): Illuminate\\Foundation\\Http\\Middleware\\ValidatePostSize->handle(Object(Illuminate\\Http\\Request), Object(Closure))
#14 C:\\Users\\ACER\\.gemini\\antigravity\\scratch\\e-surat-kominfo\\vendor\\laravel\\framework\\src\\Illuminate\\Foundation\\Http\\Middleware\\PreventRequestsDuringMaintenance.php(86): Illuminate\\Pipeline\\Pipeline->Illuminate\\Pipeline\\{closure}(Object(Illuminate\\Http\\Request))
#15 C:\\Users\\ACER\\.gemini\\antigravity\\scratch\\e-surat-kominfo\\vendor\\laravel\\framework\\src\\Illuminate\\Pipeline\\Pipeline.php(180): Illuminate\\Foundation\\Http\\Middleware\\PreventRequestsDuringMaintenance->handle(Object(Illuminate\\Http\\Request), Object(Closure))
#16 C:\\Users\\ACER\\.gemini\\antigravity\\scratch\\e-surat-kominfo\\vendor\\laravel\\framework\\src\\Illuminate\\Http\\Middleware\\HandleCors.php(49): Illuminate\\Pipeline\\Pipeline->Illuminate\\Pipeline\\{closure}(Object(Illuminate\\Http\\Request))
#17 C:\\Users\\ACER\\.gemini\\antigravity\\scratch\\e-surat-kominfo\\vendor\\laravel\\framework\\src\\Illuminate\\Pipeline\\Pipeline.php(180): Illuminate\\Http\\Middleware\\HandleCors->handle(Object(Illuminate\\Http\\Request), Object(Closure))
#18 C:\\Users\\ACER\\.gemini\\antigravity\\scratch\\e-surat-kominfo\\vendor\\laravel\\framework\\src\\Illuminate\\Pipeline\\Pipeline.php(116): Illuminate\\Pipeline\\Pipeline->Illuminate\\Pipeline\\{closure}(Object(Illuminate\\Http\\Request))
#19 C:\\Users\\ACER\\.gemini\\antigravity\\scratch\\e-surat-kominfo\\vendor\\laravel\\framework\\src\\Illuminate\\Foundation\\Http\\Kernel.php(165): Illuminate\\Pipeline\\Pipeline->then(Object(Closure))
#20 C:\\Users\\ACER\\.gemini\\antigravity\\scratch\\e-surat-kominfo\\vendor\\laravel\\framework\\src\\Illuminate\\Foundation\\Http\\Kernel.php(134): Illuminate\\Foundation\\Http\\Kernel->sendRequestThroughRouter(Object(Illuminate\\Http\\Request))
#21 C:\\Users\\ACER\\.gemini\\antigravity\\scratch\\e-surat-kominfo\\public\\index.php(53): Illuminate\\Foundation\\Http\\Kernel->handle(Object(Illuminate\\Http\\Request))
#22 C:\\Users\\ACER\\.gemini\\antigravity\\scratch\\e-surat-kominfo\\vendor\\laravel\\framework\\src\\Illuminate\\Foundation\\resources\\server.php(16): require_once('C:\\\\Users\\\\ACER\\\\....')
#23 {main}
"} 
[2026-05-05 02:44:20] laravel.ERROR: Class "App\Http\Controllers\Controller" not found {"exception":"[object] (Error(code: 0): Class \"App\\Http\\Controllers\\Controller\" not found at C:\\Users\\ACER\\.gemini\\antigravity\\scratch\\e-surat-kominfo\\app\\Http\\Controllers\\AuthController.php:10)
[stacktrace]
#0 C:\\Users\\ACER\\.gemini\\antigravity\\scratch\\e-surat-kominfo\\vendor\\composer\\ClassLoader.php(576): include()
#1 C:\\Users\\ACER\\.gemini\\antigravity\\scratch\\e-surat-kominfo\\vendor\\composer\\ClassLoader.php(427): Composer\\Autoload\\{closure}('C:\\\\Users\\\\ACER\\\\....')
#2 [internal function]: Composer\\Autoload\\ClassLoader->loadClass('App\\\\Http\\\\Contro...')
#3 C:\\Users\\ACER\\.gemini\\antigravity\\scratch\\e-surat-kominfo\\vendor\\laravel\\framework\\src\\Illuminate\\Routing\\Route.php(1091): is_a('App\\\\Http\\\\Contro...', 'Illuminate\\\\Rout...', true)
#4 C:\\Users\\ACER\\.gemini\\antigravity\\scratch\\e-surat-kominfo\\vendor\\laravel\\framework\\src\\Illuminate\\Routing\\Route.php(1030): Illuminate\\Routing\\Route->controllerMiddleware()
#5 C:\\Users\\ACER\\.gemini\\antigravity\\scratch\\e-surat-kominfo\\vendor\\laravel\\framework\\src\\Illuminate\\Routing\\Router.php(810): Illuminate\\Routing\\Route->gatherMiddleware()
#6 C:\\Users\\ACER\\.gemini\\antigravity\\scratch\\e-surat-kominfo\\vendor\\laravel\\framework\\src\\Illuminate\\Routing\\Router.php(792): Illuminate\\Routing\\Router->gatherRouteMiddleware(Object(Illuminate\\Routing\\Route))
#7 C:\\Users\\ACER\\.gemini\\antigravity\\scratch\\e-surat-kominfo\\vendor\\laravel\\framework\\src\\Illuminate\\Routing\\Router.php(776): Illuminate\\Routing\\Router->runRouteWithinStack(Object(Illuminate\\Routing\\Route), Object(Illuminate\\Http\\Request))
#8 C:\\Users\\ACER\\.gemini\\antigravity\\scratch\\e-surat-kominfo\\vendor\\laravel\\framework\\src\\Illuminate\\Routing\\Router.php(740): Illuminate\\Routing\\Router->runRoute(Object(Illuminate\\Http\\Request), Object(Illuminate\\Routing\\Route))
#9 C:\\Users\\ACER\\.gemini\\antigravity\\scratch\\e-surat-kominfo\\vendor\\laravel\\framework\\src\\Illuminate\\Routing\\Router.php(729): Illuminate\\Routing\\Router->dispatchToRoute(Object(Illuminate\\Http\\Request))
#10 C:\\Users\\ACER\\.gemini\\antigravity\\scratch\\e-surat-kominfo\\vendor\\laravel\\framework\\src\\Illuminate\\Foundation\\Http\\Kernel.php(190): Illuminate\\Routing\\Router->dispatch(Object(Illuminate\\Http\\Request))
#11 C:\\Users\\ACER\\.gemini\\antigravity\\scratch\\e-surat-kominfo\\vendor\\laravel\\framework\\src\\Illuminate\\Pipeline\\Pipeline.php(141): Illuminate\\Foundation\\Http\\Kernel->Illuminate\\Foundation\\Http\\{closure}(Object(Illuminate\\Http\\Request))
#12 C:\\Users\\ACER\\.gemini\\antigravity\\scratch\\e-surat-kominfo\\vendor\\laravel\\framework\\src\\Illuminate\\Foundation\\Http\\Middleware\\TransformsRequest.php(21): Illuminate\\Pipeline\\Pipeline->Illuminate\\Pipeline\\{closure}(Object(Illuminate\\Http\\Request))
#13 C:\\Users\\ACER\\.gemini\\antigravity\\scratch\\e-surat-kominfo\\vendor\\laravel\\framework\\src\\Illuminate\\Foundation\\Http\\Middleware\\ConvertEmptyStringsToNull.php(31): Illuminate\\Foundation\\Http\\Middleware\\TransformsRequest->handle(Object(Illuminate\\Http\\Request), Object(Closure))
#14 C:\\Users\\ACER\\.gemini\\antigravity\\scratch\\e-surat-kominfo\\vendor\\laravel\\framework\\src\\Illuminate\\Pipeline\\Pipeline.php(180): Illuminate\\Foundation\\Http\\Middleware\\ConvertEmptyStringsToNull->handle(Object(Illuminate\\Http\\Request), Object(Closure))
#15 C:\\Users\\ACER\\.gemini\\antigravity\\scratch\\e-surat-kominfo\\vendor\\laravel\\framework\\src\\Illuminate\\Foundation\\Http\\Middleware\\TransformsRequest.php(21): Illuminate\\Pipeline\\Pipeline->Illuminate\\Pipeline\\{closure}(Object(Illuminate\\Http\\Request))
#16 C:\\Users\\ACER\\.gemini\\antigravity\\scratch\\e-surat-kominfo\\vendor\\laravel\\framework\\src\\Illuminate\\Foundation\\Http\\Middleware\\TrimStrings.php(40): Illuminate\\Foundation\\Http\\Middleware\\TransformsRequest->handle(Object(Illuminate\\Http\\Request), Object(Closure))
#17 C:\\Users\\ACER\\.gemini\\antigravity\\scratch\\e-surat-kominfo\\vendor\\laravel\\framework\\src\\Illuminate\\Pipeline\\Pipeline.php(180): Illuminate\\Foundation\\Http\\Middleware\\TrimStrings->handle(Object(Illuminate\\Http\\Request), Object(Closure))
#18 C:\\Users\\ACER\\.gemini\\antigravity\\scratch\\e-surat-kominfo\\vendor\\laravel\\framework\\src\\Illuminate\\Foundation\\Http\\Middleware\\ValidatePostSize.php(27): Illuminate\\Pipeline\\Pipeline->Illuminate\\Pipeline\\{closure}(Object(Illuminate\\Http\\Request))
#19 C:\\Users\\ACER\\.gemini\\antigravity\\scratch\\e-surat-kominfo\\vendor\\laravel\\framework\\src\\Illuminate\\Pipeline\\Pipeline.php(180): Illuminate\\Foundation\\Http\\Middleware\\ValidatePostSize->handle(Object(Illuminate\\Http\\Request), Object(Closure))
#20 C:\\Users\\ACER\\.gemini\\antigravity\\scratch\\e-surat-kominfo\\vendor\\laravel\\framework\\src\\Illuminate\\Foundation\\Http\\Middleware\\PreventRequestsDuringMaintenance.php(86): Illuminate\\Pipeline\\Pipeline->Illuminate\\Pipeline\\{closure}(Object(Illuminate\\Http\\Request))
#21 C:\\Users\\ACER\\.gemini\\antigravity\\scratch\\e-surat-kominfo\\vendor\\laravel\\framework\\src\\Illuminate\\Pipeline\\Pipeline.php(180): Illuminate\\Foundation\\Http\\Middleware\\PreventRequestsDuringMaintenance->handle(Object(Illuminate\\Http\\Request), Object(Closure))
#22 C:\\Users\\ACER\\.gemini\\antigravity\\scratch\\e-surat-kominfo\\vendor\\laravel\\framework\\src\\Illuminate\\Http\\Middleware\\HandleCors.php(49): Illuminate\\Pipeline\\Pipeline->Illuminate\\Pipeline\\{closure}(Object(Illuminate\\Http\\Request))
#23 C:\\Users\\ACER\\.gemini\\antigravity\\scratch\\e-surat-kominfo\\vendor\\laravel\\framework\\src\\Illuminate\\Pipeline\\Pipeline.php(180): Illuminate\\Http\\Middleware\\HandleCors->handle(Object(Illuminate\\Http\\Request), Object(Closure))
#24 C:\\Users\\ACER\\.gemini\\antigravity\\scratch\\e-surat-kominfo\\vendor\\laravel\\framework\\src\\Illuminate\\Pipeline\\Pipeline.php(116): Illuminate\\Pipeline\\Pipeline->Illuminate\\Pipeline\\{closure}(Object(Illuminate\\Http\\Request))
#25 C:\\Users\\ACER\\.gemini\\antigravity\\scratch\\e-surat-kominfo\\vendor\\laravel\\framework\\src\\Illuminate\\Foundation\\Http\\Kernel.php(165): Illuminate\\Pipeline\\Pipeline->then(Object(Closure))
#26 C:\\Users\\ACER\\.gemini\\antigravity\\scratch\\e-surat-kominfo\\vendor\\laravel\\framework\\src\\Illuminate\\Foundation\\Http\\Kernel.php(134): Illuminate\\Foundation\\Http\\Kernel->sendRequestThroughRouter(Object(Illuminate\\Http\\Request))
#27 C:\\Users\\ACER\\.gemini\\antigravity\\scratch\\e-surat-kominfo\\public\\index.php(53): Illuminate\\Foundation\\Http\\Kernel->handle(Object(Illuminate\\Http\\Request))
#28 C:\\Users\\ACER\\.gemini\\antigravity\\scratch\\e-surat-kominfo\\vendor\\laravel\\framework\\src\\Illuminate\\Foundation\\resources\\server.php(16): require_once('C:\\\\Users\\\\ACER\\\\....')
#29 {main}
"} 
[2026-05-06 02:16:50] laravel.EMERGENCY: Unable to create configured logger. Using emergency logger. {"exception":"[object] (InvalidArgumentException(code: 0): Log [] is not defined. at C:\\Users\\ACER\\.gemini\\antigravity\\scratch\\e-surat-kominfo\\vendor\\laravel\\framework\\src\\Illuminate\\Log\\LogManager.php:210)
[stacktrace]
#0 C:\\Users\\ACER\\.gemini\\antigravity\\scratch\\e-surat-kominfo\\vendor\\laravel\\framework\\src\\Illuminate\\Log\\LogManager.php(135): Illuminate\\Log\\LogManager->resolve(NULL, NULL)
#1 C:\\Users\\ACER\\.gemini\\antigravity\\scratch\\e-surat-kominfo\\vendor\\laravel\\framework\\src\\Illuminate\\Log\\LogManager.php(122): Illuminate\\Log\\LogManager->get(NULL)
#2 C:\\Users\\ACER\\.gemini\\antigravity\\scratch\\e-surat-kominfo\\vendor\\laravel\\framework\\src\\Illuminate\\Log\\LogManager.php(645): Illuminate\\Log\\LogManager->driver()
#3 C:\\Users\\ACER\\.gemini\\antigravity\\scratch\\e-surat-kominfo\\vendor\\laravel\\framework\\src\\Illuminate\\Foundation\\Exceptions\\Handler.php(274): Illuminate\\Log\\LogManager->error('SQLSTATE[HY000]...', Array)
#4 C:\\Users\\ACER\\.gemini\\antigravity\\scratch\\e-surat-kominfo\\vendor\\laravel\\framework\\src\\Illuminate\\Routing\\Pipeline.php(49): Illuminate\\Foundation\\Exceptions\\Handler->report(Object(Illuminate\\Database\\QueryException))
#5 C:\\Users\\ACER\\.gemini\\antigravity\\scratch\\e-surat-kominfo\\vendor\\laravel\\framework\\src\\Illuminate\\Pipeline\\Pipeline.php(143): Illuminate\\Routing\\Pipeline->handleException(Object(Illuminate\\Http\\Request), Object(Illuminate\\Database\\QueryException))
#6 C:\\Users\\ACER\\.gemini\\antigravity\\scratch\\e-surat-kominfo\\app\\Http\\Middleware\\RedirectIfAuthenticated.php(34): Illuminate\\Pipeline\\Pipeline->Illuminate\\Pipeline\\{closure}(Object(Illuminate\\Http\\Request))
#7 C:\\Users\\ACER\\.gemini\\antigravity\\scratch\\e-surat-kominfo\\vendor\\laravel\\framework\\src\\Illuminate\\Pipeline\\Pipeline.php(180): App\\Http\\Middleware\\RedirectIfAuthenticated->handle(Object(Illuminate\\Http\\Request), Object(Closure))
#8 C:\\Users\\ACER\\.gemini\\antigravity\\scratch\\e-surat-kominfo\\vendor\\laravel\\framework\\src\\Illuminate\\Routing\\Middleware\\SubstituteBindings.php(50): Illuminate\\Pipeline\\Pipeline->Illuminate\\Pipeline\\{closure}(Object(Illuminate\\Http\\Request))
#9 C:\\Users\\ACER\\.gemini\\antigravity\\scratch\\e-surat-kominfo\\vendor\\laravel\\framework\\src\\Illuminate\\Pipeline\\Pipeline.php(180): Illuminate\\Routing\\Middleware\\SubstituteBindings->handle(Object(Illuminate\\Http\\Request), Object(Closure))
#10 C:\\Users\\ACER\\.gemini\\antigravity\\scratch\\e-surat-kominfo\\vendor\\laravel\\framework\\src\\Illuminate\\Foundation\\Http\\Middleware\\VerifyCsrfToken.php(78): Illuminate\\Pipeline\\Pipeline->Illuminate\\Pipeline\\{closure}(Object(Illuminate\\Http\\Request))
#11 C:\\Users\\ACER\\.gemini\\antigravity\\scratch\\e-surat-kominfo\\vendor\\laravel\\framework\\src\\Illuminate\\Pipeline\\Pipeline.php(180): Illuminate\\Foundation\\Http\\Middleware\\VerifyCsrfToken->handle(Object(Illuminate\\Http\\Request), Object(Closure))
#12 C:\\Users\\ACER\\.gemini\\antigravity\\scratch\\e-surat-kominfo\\vendor\\laravel\\framework\\src\\Illuminate\\View\\Middleware\\ShareErrorsFromSession.php(49): Illuminate\\Pipeline\\Pipeline->Illuminate\\Pipeline\\{closure}(Object(Illuminate\\Http\\Request))
#13 C:\\Users\\ACER\\.gemini\\antigravity\\scratch\\e-surat-kominfo\\vendor\\laravel\\framework\\src\\Illuminate\\Pipeline\\Pipeline.php(180): Illuminate\\View\\Middleware\\ShareErrorsFromSession->handle(Object(Illuminate\\Http\\Request), Object(Closure))
#14 C:\\Users\\ACER\\.gemini\\antigravity\\scratch\\e-surat-kominfo\\vendor\\laravel\\framework\\src\\Illuminate\\Session\\Middleware\\StartSession.php(121): Illuminate\\Pipeline\\Pipeline->Illuminate\\Pipeline\\{closure}(Object(Illuminate\\Http\\Request))
#15 C:\\Users\\ACER\\.gemini\\antigravity\\scratch\\e-surat-kominfo\\vendor\\laravel\\framework\\src\\Illuminate\\Session\\Middleware\\StartSession.php(64): Illuminate\\Session\\Middleware\\StartSession->handleStatefulRequest(Object(Illuminate\\Http\\Request), Object(Illuminate\\Session\\Store), Object(Closure))
#16 C:\\Users\\ACER\\.gemini\\antigravity\\scratch\\e-surat-kominfo\\vendor\\laravel\\framework\\src\\Illuminate\\Pipeline\\Pipeline.php(180): Illuminate\\Session\\Middleware\\StartSession->handle(Object(Illuminate\\Http\\Request), Object(Closure))
#17 C:\\Users\\ACER\\.gemini\\antigravity\\scratch\\e-surat-kominfo\\vendor\\laravel\\framework\\src\\Illuminate\\Cookie\\Middleware\\AddQueuedCookiesToResponse.php(37): Illuminate\\Pipeline\\Pipeline->Illuminate\\Pipeline\\{closure}(Object(Illuminate\\Http\\Request))
#18 C:\\Users\\ACER\\.gemini\\antigravity\\scratch\\e-surat-kominfo\\vendor\\laravel\\framework\\src\\Illuminate\\Pipeline\\Pipeline.php(180): Illuminate\\Cookie\\Middleware\\AddQueuedCookiesToResponse->handle(Object(Illuminate\\Http\\Request), Object(Closure))
#19 C:\\Users\\ACER\\.gemini\\antigravity\\scratch\\e-surat-kominfo\\vendor\\laravel\\framework\\src\\Illuminate\\Cookie\\Middleware\\EncryptCookies.php(67): Illuminate\\Pipeline\\Pipeline->Illuminate\\Pipeline\\{closure}(Object(Illuminate\\Http\\Request))
#20 C:\\Users\\ACER\\.gemini\\antigravity\\scratch\\e-surat-kominfo\\vendor\\laravel\\framework\\src\\Illuminate\\Pipeline\\Pipeline.php(180): Illuminate\\Cookie\\Middleware\\EncryptCookies->handle(Object(Illuminate\\Http\\Request), Object(Closure))
#21 C:\\Users\\ACER\\.gemini\\antigravity\\scratch\\e-surat-kominfo\\vendor\\laravel\\framework\\src\\Illuminate\\Pipeline\\Pipeline.php(116): Illuminate\\Pipeline\\Pipeline->Illuminate\\Pipeline\\{closure}(Object(Illuminate\\Http\\Request))
#22 C:\\Users\\ACER\\.gemini\\antigravity\\scratch\\e-surat-kominfo\\vendor\\laravel\\framework\\src\\Illuminate\\Routing\\Router.php(799): Illuminate\\Pipeline\\Pipeline->then(Object(Closure))
#23 C:\\Users\\ACER\\.gemini\\antigravity\\scratch\\e-surat-kominfo\\vendor\\laravel\\framework\\src\\Illuminate\\Routing\\Router.php(776): Illuminate\\Routing\\Router->runRouteWithinStack(Object(Illuminate\\Routing\\Route), Object(Illuminate\\Http\\Request))
#24 C:\\Users\\ACER\\.gemini\\antigravity\\scratch\\e-surat-kominfo\\vendor\\laravel\\framework\\src\\Illuminate\\Routing\\Router.php(740): Illuminate\\Routing\\Router->runRoute(Object(Illuminate\\Http\\Request), Object(Illuminate\\Routing\\Route))
#25 C:\\Users\\ACER\\.gemini\\antigravity\\scratch\\e-surat-kominfo\\vendor\\laravel\\framework\\src\\Illuminate\\Routing\\Router.php(729): Illuminate\\Routing\\Router->dispatchToRoute(Object(Illuminate\\Http\\Request))
#26 C:\\Users\\ACER\\.gemini\\antigravity\\scratch\\e-surat-kominfo\\vendor\\laravel\\framework\\src\\Illuminate\\Foundation\\Http\\Kernel.php(190): Illuminate\\Routing\\Router->dispatch(Object(Illuminate\\Http\\Request))
#27 C:\\Users\\ACER\\.gemini\\antigravity\\scratch\\e-surat-kominfo\\vendor\\laravel\\framework\\src\\Illuminate\\Pipeline\\Pipeline.php(141): Illuminate\\Foundation\\Http\\Kernel->Illuminate\\Foundation\\Http\\{closure}(Object(Illuminate\\Http\\Request))
#28 C:\\Users\\ACER\\.gemini\\antigravity\\scratch\\e-surat-kominfo\\vendor\\laravel\\framework\\src\\Illuminate\\Foundation\\Http\\Middleware\\TransformsRequest.php(21): Illuminate\\Pipeline\\Pipeline->Illuminate\\Pipeline\\{closure}(Object(Illuminate\\Http\\Request))
#29 C:\\Users\\ACER\\.gemini\\antigravity\\scratch\\e-surat-kominfo\\vendor\\laravel\\framework\\src\\Illuminate\\Foundation\\Http\\Middleware\\ConvertEmptyStringsToNull.php(31): Illuminate\\Foundation\\Http\\Middleware\\TransformsRequest->handle(Object(Illuminate\\Http\\Request), Object(Closure))
#30 C:\\Users\\ACER\\.gemini\\antigravity\\scratch\\e-surat-kominfo\\vendor\\laravel\\framework\\src\\Illuminate\\Pipeline\\Pipeline.php(180): Illuminate\\Foundation\\Http\\Middleware\\ConvertEmptyStringsToNull->handle(Object(Illuminate\\Http\\Request), Object(Closure))
#31 C:\\Users\\ACER\\.gemini\\antigravity\\scratch\\e-surat-kominfo\\vendor\\laravel\\framework\\src\\Illuminate\\Foundation\\Http\\Middleware\\TransformsRequest.php(21): Illuminate\\Pipeline\\Pipeline->Illuminate\\Pipeline\\{closure}(Object(Illuminate\\Http\\Request))
#32 C:\\Users\\ACER\\.gemini\\antigravity\\scratch\\e-surat-kominfo\\vendor\\laravel\\framework\\src\\Illuminate\\Foundation\\Http\\Middleware\\TrimStrings.php(40): Illuminate\\Foundation\\Http\\Middleware\\TransformsRequest->handle(Object(Illuminate\\Http\\Request), Object(Closure))
#33 C:\\Users\\ACER\\.gemini\\antigravity\\scratch\\e-surat-kominfo\\vendor\\laravel\\framework\\src\\Illuminate\\Pipeline\\Pipeline.php(180): Illuminate\\Foundation\\Http\\Middleware\\TrimStrings->handle(Object(Illuminate\\Http\\Request), Object(Closure))
#34 C:\\Users\\ACER\\.gemini\\antigravity\\scratch\\e-surat-kominfo\\vendor\\laravel\\framework\\src\\Illuminate\\Foundation\\Http\\Middleware\\ValidatePostSize.php(27): Illuminate\\Pipeline\\Pipeline->Illuminate\\Pipeline\\{closure}(Object(Illuminate\\Http\\Request))
#35 C:\\Users\\ACER\\.gemini\\antigravity\\scratch\\e-surat-kominfo\\vendor\\laravel\\framework\\src\\Illuminate\\Pipeline\\Pipeline.php(180): Illuminate\\Foundation\\Http\\Middleware\\ValidatePostSize->handle(Object(Illuminate\\Http\\Request), Object(Closure))
#36 C:\\Users\\ACER\\.gemini\\antigravity\\scratch\\e-surat-kominfo\\vendor\\laravel\\framework\\src\\Illuminate\\Foundation\\Http\\Middleware\\PreventRequestsDuringMaintenance.php(86): Illuminate\\Pipeline\\Pipeline->Illuminate\\Pipeline\\{closure}(Object(Illuminate\\Http\\Request))
#37 C:\\Users\\ACER\\.gemini\\antigravity\\scratch\\e-surat-kominfo\\vendor\\laravel\\framework\\src\\Illuminate\\Pipeline\\Pipeline.php(180): Illuminate\\Foundation\\Http\\Middleware\\PreventRequestsDuringMaintenance->handle(Object(Illuminate\\Http\\Request), Object(Closure))
#38 C:\\Users\\ACER\\.gemini\\antigravity\\scratch\\e-surat-kominfo\\vendor\\laravel\\framework\\src\\Illuminate\\Http\\Middleware\\HandleCors.php(49): Illuminate\\Pipeline\\Pipeline->Illuminate\\Pipeline\\{closure}(Object(Illuminate\\Http\\Request))
#39 C:\\Users\\ACER\\.gemini\\antigravity\\scratch\\e-surat-kominfo\\vendor\\laravel\\framework\\src\\Illuminate\\Pipeline\\Pipeline.php(180): Illuminate\\Http\\Middleware\\HandleCors->handle(Object(Illuminate\\Http\\Request), Object(Closure))
#40 C:\\Users\\ACER\\.gemini\\antigravity\\scratch\\e-surat-kominfo\\vendor\\laravel\\framework\\src\\Illuminate\\Pipeline\\Pipeline.php(116): Illuminate\\Pipeline\\Pipeline->Illuminate\\Pipeline\\{closure}(Object(Illuminate\\Http\\Request))
#41 C:\\Users\\ACER\\.gemini\\antigravity\\scratch\\e-surat-kominfo\\vendor\\laravel\\framework\\src\\Illuminate\\Foundation\\Http\\Kernel.php(165): Illuminate\\Pipeline\\Pipeline->then(Object(Closure))
#42 C:\\Users\\ACER\\.gemini\\antigravity\\scratch\\e-surat-kominfo\\vendor\\laravel\\framework\\src\\Illuminate\\Foundation\\Http\\Kernel.php(134): Illuminate\\Foundation\\Http\\Kernel->sendRequestThroughRouter(Object(Illuminate\\Http\\Request))
#43 C:\\Users\\ACER\\.gemini\\antigravity\\scratch\\e-surat-kominfo\\public\\index.php(53): Illuminate\\Foundation\\Http\\Kernel->handle(Object(Illuminate\\Http\\Request))
#44 C:\\Users\\ACER\\.gemini\\antigravity\\scratch\\e-surat-kominfo\\vendor\\laravel\\framework\\src\\Illuminate\\Foundation\\resources\\server.php(16): require_once('C:\\\\Users\\\\ACER\\\\....')
#45 {main}
"} 
[2026-05-06 02:16:50] laravel.ERROR: SQLSTATE[HY000] [2002] No connection could be made because the target machine actively refused it (SQL: select * from `users` where `email` = admin@kominfo.go.id limit 1) {"exception":"[object] (Illuminate\\Database\\QueryException(code: 2002): SQLSTATE[HY000] [2002] No connection could be made because the target machine actively refused it (SQL: select * from `users` where `email` = admin@kominfo.go.id limit 1) at C:\\Users\\ACER\\.gemini\\antigravity\\scratch\\e-surat-kominfo\\vendor\\laravel\\framework\\src\\Illuminate\\Database\\Connection.php:760)
[stacktrace]
#0 C:\\Users\\ACER\\.gemini\\antigravity\\scratch\\e-surat-kominfo\\vendor\\laravel\\framework\\src\\Illuminate\\Database\\Connection.php(720): Illuminate\\Database\\Connection->runQueryCallback('select * from `...', Array, Object(Closure))
#1 C:\\Users\\ACER\\.gemini\\antigravity\\scratch\\e-surat-kominfo\\vendor\\laravel\\framework\\src\\Illuminate\\Database\\Connection.php(422): Illuminate\\Database\\Connection->run('select * from `...', Array, Object(Closure))
#2 C:\\Users\\ACER\\.gemini\\antigravity\\scratch\\e-surat-kominfo\\vendor\\laravel\\framework\\src\\Illuminate\\Database\\Query\\Builder.php(2706): Illuminate\\Database\\Connection->select('select * from `...', Array, true)
#3 C:\\Users\\ACER\\.gemini\\antigravity\\scratch\\e-surat-kominfo\\vendor\\laravel\\framework\\src\\Illuminate\\Database\\Query\\Builder.php(2694): Illuminate\\Database\\Query\\Builder->runSelect()
#4 C:\\Users\\ACER\\.gemini\\antigravity\\scratch\\e-surat-kominfo\\vendor\\laravel\\framework\\src\\Illuminate\\Database\\Query\\Builder.php(3230): Illuminate\\Database\\Query\\Builder->Illuminate\\Database\\Query\\{closure}()
#5 C:\\Users\\ACER\\.gemini\\antigravity\\scratch\\e-surat-kominfo\\vendor\\laravel\\framework\\src\\Illuminate\\Database\\Query\\Builder.php(2695): Illuminate\\Database\\Query\\Builder->onceWithColumns(Array, Object(Closure))
#6 C:\\Users\\ACER\\.gemini\\antigravity\\scratch\\e-surat-kominfo\\vendor\\laravel\\framework\\src\\Illuminate\\Database\\Eloquent\\Builder.php(710): Illuminate\\Database\\Query\\Builder->get(Array)
#7 C:\\Users\\ACER\\.gemini\\antigravity\\scratch\\e-surat-kominfo\\vendor\\laravel\\framework\\src\\Illuminate\\Database\\Eloquent\\Builder.php(694): Illuminate\\Database\\Eloquent\\Builder->getModels(Array)
#8 C:\\Users\\ACER\\.gemini\\antigravity\\scratch\\e-surat-kominfo\\vendor\\laravel\\framework\\src\\Illuminate\\Database\\Concerns\\BuildsQueries.php(296): Illuminate\\Database\\Eloquent\\Builder->get(Array)
#9 C:\\Users\\ACER\\.gemini\\antigravity\\scratch\\e-surat-kominfo\\vendor\\laravel\\framework\\src\\Illuminate\\Auth\\EloquentUserProvider.php(139): Illuminate\\Database\\Eloquent\\Builder->first()
#10 C:\\Users\\ACER\\.gemini\\antigravity\\scratch\\e-surat-kominfo\\vendor\\laravel\\framework\\src\\Illuminate\\Auth\\SessionGuard.php(381): Illuminate\\Auth\\EloquentUserProvider->retrieveByCredentials(Array)
#11 C:\\Users\\ACER\\.gemini\\antigravity\\scratch\\e-surat-kominfo\\vendor\\laravel\\framework\\src\\Illuminate\\Auth\\AuthManager.php(340): Illuminate\\Auth\\SessionGuard->attempt(Array)
#12 C:\\Users\\ACER\\.gemini\\antigravity\\scratch\\e-surat-kominfo\\vendor\\laravel\\framework\\src\\Illuminate\\Support\\Facades\\Facade.php(338): Illuminate\\Auth\\AuthManager->__call('attempt', Array)
#13 C:\\Users\\ACER\\.gemini\\antigravity\\scratch\\e-surat-kominfo\\app\\Http\\Controllers\\AuthController.php(24): Illuminate\\Support\\Facades\\Facade::__callStatic('attempt', Array)
#14 C:\\Users\\ACER\\.gemini\\antigravity\\scratch\\e-surat-kominfo\\vendor\\laravel\\framework\\src\\Illuminate\\Routing\\Controller.php(54): App\\Http\\Controllers\\AuthController->login(Object(Illuminate\\Http\\Request))
#15 C:\\Users\\ACER\\.gemini\\antigravity\\scratch\\e-surat-kominfo\\vendor\\laravel\\framework\\src\\Illuminate\\Routing\\ControllerDispatcher.php(43): Illuminate\\Routing\\Controller->callAction('login', Array)
#16 C:\\Users\\ACER\\.gemini\\antigravity\\scratch\\e-surat-kominfo\\vendor\\laravel\\framework\\src\\Illuminate\\Routing\\Route.php(260): Illuminate\\Routing\\ControllerDispatcher->dispatch(Object(Illuminate\\Routing\\Route), Object(App\\Http\\Controllers\\AuthController), 'login')
#17 C:\\Users\\ACER\\.gemini\\antigravity\\scratch\\e-surat-kominfo\\vendor\\laravel\\framework\\src\\Illuminate\\Routing\\Route.php(205): Illuminate\\Routing\\Route->runController()
#18 C:\\Users\\ACER\\.gemini\\antigravity\\scratch\\e-surat-kominfo\\vendor\\laravel\\framework\\src\\Illuminate\\Routing\\Router.php(798): Illuminate\\Routing\\Route->run()
#19 C:\\Users\\ACER\\.gemini\\antigravity\\scratch\\e-surat-kominfo\\vendor\\laravel\\framework\\src\\Illuminate\\Pipeline\\Pipeline.php(141): Illuminate\\Routing\\Router->Illuminate\\Routing\\{closure}(Object(Illuminate\\Http\\Request))
#20 C:\\Users\\ACER\\.gemini\\antigravity\\scratch\\e-surat-kominfo\\app\\Http\\Middleware\\RedirectIfAuthenticated.php(34): Illuminate\\Pipeline\\Pipeline->Illuminate\\Pipeline\\{closure}(Object(Illuminate\\Http\\Request))
#21 C:\\Users\\ACER\\.gemini\\antigravity\\scratch\\e-surat-kominfo\\vendor\\laravel\\framework\\src\\Illuminate\\Pipeline\\Pipeline.php(180): App\\Http\\Middleware\\RedirectIfAuthenticated->handle(Object(Illuminate\\Http\\Request), Object(Closure))
#22 C:\\Users\\ACER\\.gemini\\antigravity\\scratch\\e-surat-kominfo\\vendor\\laravel\\framework\\src\\Illuminate\\Routing\\Middleware\\SubstituteBindings.php(50): Illuminate\\Pipeline\\Pipeline->Illuminate\\Pipeline\\{closure}(Object(Illuminate\\Http\\Request))
#23 C:\\Users\\ACER\\.gemini\\antigravity\\scratch\\e-surat-kominfo\\vendor\\laravel\\framework\\src\\Illuminate\\Pipeline\\Pipeline.php(180): Illuminate\\Routing\\Middleware\\SubstituteBindings->handle(Object(Illuminate\\Http\\Request), Object(Closure))
#24 C:\\Users\\ACER\\.gemini\\antigravity\\scratch\\e-surat-kominfo\\vendor\\laravel\\framework\\src\\Illuminate\\Foundation\\Http\\Middleware\\VerifyCsrfToken.php(78): Illuminate\\Pipeline\\Pipeline->Illuminate\\Pipeline\\{closure}(Object(Illuminate\\Http\\Request))
#25 C:\\Users\\ACER\\.gemini\\antigravity\\scratch\\e-surat-kominfo\\vendor\\laravel\\framework\\src\\Illuminate\\Pipeline\\Pipeline.php(180): Illuminate\\Foundation\\Http\\Middleware\\VerifyCsrfToken->handle(Object(Illuminate\\Http\\Request), Object(Closure))
#26 C:\\Users\\ACER\\.gemini\\antigravity\\scratch\\e-surat-kominfo\\vendor\\laravel\\framework\\src\\Illuminate\\View\\Middleware\\ShareErrorsFromSession.php(49): Illuminate\\Pipeline\\Pipeline->Illuminate\\Pipeline\\{closure}(Object(Illuminate\\Http\\Request))
#27 C:\\Users\\ACER\\.gemini\\antigravity\\scratch\\e-surat-kominfo\\vendor\\laravel\\framework\\src\\Illuminate\\Pipeline\\Pipeline.php(180): Illuminate\\View\\Middleware\\ShareErrorsFromSession->handle(Object(Illuminate\\Http\\Request), Object(Closure))
#28 C:\\Users\\ACER\\.gemini\\antigravity\\scratch\\e-surat-kominfo\\vendor\\laravel\\framework\\src\\Illuminate\\Session\\Middleware\\StartSession.php(121): Illuminate\\Pipeline\\Pipeline->Illuminate\\Pipeline\\{closure}(Object(Illuminate\\Http\\Request))
#29 C:\\Users\\ACER\\.gemini\\antigravity\\scratch\\e-surat-kominfo\\vendor\\laravel\\framework\\src\\Illuminate\\Session\\Middleware\\StartSession.php(64): Illuminate\\Session\\Middleware\\StartSession->handleStatefulRequest(Object(Illuminate\\Http\\Request), Object(Illuminate\\Session\\Store), Object(Closure))
#30 C:\\Users\\ACER\\.gemini\\antigravity\\scratch\\e-surat-kominfo\\vendor\\laravel\\framework\\src\\Illuminate\\Pipeline\\Pipeline.php(180): Illuminate\\Session\\Middleware\\StartSession->handle(Object(Illuminate\\Http\\Request), Object(Closure))
#31 C:\\Users\\ACER\\.gemini\\antigravity\\scratch\\e-surat-kominfo\\vendor\\laravel\\framework\\src\\Illuminate\\Cookie\\Middleware\\AddQueuedCookiesToResponse.php(37): Illuminate\\Pipeline\\Pipeline->Illuminate\\Pipeline\\{closure}(Object(Illuminate\\Http\\Request))
#32 C:\\Users\\ACER\\.gemini\\antigravity\\scratch\\e-surat-kominfo\\vendor\\laravel\\framework\\src\\Illuminate\\Pipeline\\Pipeline.php(180): Illuminate\\Cookie\\Middleware\\AddQueuedCookiesToResponse->handle(Object(Illuminate\\Http\\Request), Object(Closure))
#33 C:\\Users\\ACER\\.gemini\\antigravity\\scratch\\e-surat-kominfo\\vendor\\laravel\\framework\\src\\Illuminate\\Cookie\\Middleware\\EncryptCookies.php(67): Illuminate\\Pipeline\\Pipeline->Illuminate\\Pipeline\\{closure}(Object(Illuminate\\Http\\Request))
#34 C:\\Users\\ACER\\.gemini\\antigravity\\scratch\\e-surat-kominfo\\vendor\\laravel\\framework\\src\\Illuminate\\Pipeline\\Pipeline.php(180): Illuminate\\Cookie\\Middleware\\EncryptCookies->handle(Object(Illuminate\\Http\\Request), Object(Closure))
#35 C:\\Users\\ACER\\.gemini\\antigravity\\scratch\\e-surat-kominfo\\vendor\\laravel\\framework\\src\\Illuminate\\Pipeline\\Pipeline.php(116): Illuminate\\Pipeline\\Pipeline->Illuminate\\Pipeline\\{closure}(Object(Illuminate\\Http\\Request))
#36 C:\\Users\\ACER\\.gemini\\antigravity\\scratch\\e-surat-kominfo\\vendor\\laravel\\framework\\src\\Illuminate\\Routing\\Router.php(799): Illuminate\\Pipeline\\Pipeline->then(Object(Closure))
#37 C:\\Users\\ACER\\.gemini\\antigravity\\scratch\\e-surat-kominfo\\vendor\\laravel\\framework\\src\\Illuminate\\Routing\\Router.php(776): Illuminate\\Routing\\Router->runRouteWithinStack(Object(Illuminate\\Routing\\Route), Object(Illuminate\\Http\\Request))
#38 C:\\Users\\ACER\\.gemini\\antigravity\\scratch\\e-surat-kominfo\\vendor\\laravel\\framework\\src\\Illuminate\\Routing\\Router.php(740): Illuminate\\Routing\\Router->runRoute(Object(Illuminate\\Http\\Request), Object(Illuminate\\Routing\\Route))
#39 C:\\Users\\ACER\\.gemini\\antigravity\\scratch\\e-surat-kominfo\\vendor\\laravel\\framework\\src\\Illuminate\\Routing\\Router.php(729): Illuminate\\Routing\\Router->dispatchToRoute(Object(Illuminate\\Http\\Request))
#40 C:\\Users\\ACER\\.gemini\\antigravity\\scratch\\e-surat-kominfo\\vendor\\laravel\\framework\\src\\Illuminate\\Foundation\\Http\\Kernel.php(190): Illuminate\\Routing\\Router->dispatch(Object(Illuminate\\Http\\Request))
#41 C:\\Users\\ACER\\.gemini\\antigravity\\scratch\\e-surat-kominfo\\vendor\\laravel\\framework\\src\\Illuminate\\Pipeline\\Pipeline.php(141): Illuminate\\Foundation\\Http\\Kernel->Illuminate\\Foundation\\Http\\{closure}(Object(Illuminate\\Http\\Request))
#42 C:\\Users\\ACER\\.gemini\\antigravity\\scratch\\e-surat-kominfo\\vendor\\laravel\\framework\\src\\Illuminate\\Foundation\\Http\\Middleware\\TransformsRequest.php(21): Illuminate\\Pipeline\\Pipeline->Illuminate\\Pipeline\\{closure}(Object(Illuminate\\Http\\Request))
#43 C:\\Users\\ACER\\.gemini\\antigravity\\scratch\\e-surat-kominfo\\vendor\\laravel\\framework\\src\\Illuminate\\Foundation\\Http\\Middleware\\ConvertEmptyStringsToNull.php(31): Illuminate\\Foundation\\Http\\Middleware\\TransformsRequest->handle(Object(Illuminate\\Http\\Request), Object(Closure))
#44 C:\\Users\\ACER\\.gemini\\antigravity\\scratch\\e-surat-kominfo\\vendor\\laravel\\framework\\src\\Illuminate\\Pipeline\\Pipeline.php(180): Illuminate\\Foundation\\Http\\Middleware\\ConvertEmptyStringsToNull->handle(Object(Illuminate\\Http\\Request), Object(Closure))
#45 C:\\Users\\ACER\\.gemini\\antigravity\\scratch\\e-surat-kominfo\\vendor\\laravel\\framework\\src\\Illuminate\\Foundation\\Http\\Middleware\\TransformsRequest.php(21): Illuminate\\Pipeline\\Pipeline->Illuminate\\Pipeline\\{closure}(Object(Illuminate\\Http\\Request))
#46 C:\\Users\\ACER\\.gemini\\antigravity\\scratch\\e-surat-kominfo\\vendor\\laravel\\framework\\src\\Illuminate\\Foundation\\Http\\Middleware\\TrimStrings.php(40): Illuminate\\Foundation\\Http\\Middleware\\TransformsRequest->handle(Object(Illuminate\\Http\\Request), Object(Closure))
#47 C:\\Users\\ACER\\.gemini\\antigravity\\scratch\\e-surat-kominfo\\vendor\\laravel\\framework\\src\\Illuminate\\Pipeline\\Pipeline.php(180): Illuminate\\Foundation\\Http\\Middleware\\TrimStrings->handle(Object(Illuminate\\Http\\Request), Object(Closure))
#48 C:\\Users\\ACER\\.gemini\\antigravity\\scratch\\e-surat-kominfo\\vendor\\laravel\\framework\\src\\Illuminate\\Foundation\\Http\\Middleware\\ValidatePostSize.php(27): Illuminate\\Pipeline\\Pipeline->Illuminate\\Pipeline\\{closure}(Object(Illuminate\\Http\\Request))
#49 C:\\Users\\ACER\\.gemini\\antigravity\\scratch\\e-surat-kominfo\\vendor\\laravel\\framework\\src\\Illuminate\\Pipeline\\Pipeline.php(180): Illuminate\\Foundation\\Http\\Middleware\\ValidatePostSize->handle(Object(Illuminate\\Http\\Request), Object(Closure))
#50 C:\\Users\\ACER\\.gemini\\antigravity\\scratch\\e-surat-kominfo\\vendor\\laravel\\framework\\src\\Illuminate\\Foundation\\Http\\Middleware\\PreventRequestsDuringMaintenance.php(86): Illuminate\\Pipeline\\Pipeline->Illuminate\\Pipeline\\{closure}(Object(Illuminate\\Http\\Request))
#51 C:\\Users\\ACER\\.gemini\\antigravity\\scratch\\e-surat-kominfo\\vendor\\laravel\\framework\\src\\Illuminate\\Pipeline\\Pipeline.php(180): Illuminate\\Foundation\\Http\\Middleware\\PreventRequestsDuringMaintenance->handle(Object(Illuminate\\Http\\Request), Object(Closure))
#52 C:\\Users\\ACER\\.gemini\\antigravity\\scratch\\e-surat-kominfo\\vendor\\laravel\\framework\\src\\Illuminate\\Http\\Middleware\\HandleCors.php(49): Illuminate\\Pipeline\\Pipeline->Illuminate\\Pipeline\\{closure}(Object(Illuminate\\Http\\Request))
#53 C:\\Users\\ACER\\.gemini\\antigravity\\scratch\\e-surat-kominfo\\vendor\\laravel\\framework\\src\\Illuminate\\Pipeline\\Pipeline.php(180): Illuminate\\Http\\Middleware\\HandleCors->handle(Object(Illuminate\\Http\\Request), Object(Closure))
#54 C:\\Users\\ACER\\.gemini\\antigravity\\scratch\\e-surat-kominfo\\vendor\\laravel\\framework\\src\\Illuminate\\Pipeline\\Pipeline.php(116): Illuminate\\Pipeline\\Pipeline->Illuminate\\Pipeline\\{closure}(Object(Illuminate\\Http\\Request))
#55 C:\\Users\\ACER\\.gemini\\antigravity\\scratch\\e-surat-kominfo\\vendor\\laravel\\framework\\src\\Illuminate\\Foundation\\Http\\Kernel.php(165): Illuminate\\Pipeline\\Pipeline->then(Object(Closure))
#56 C:\\Users\\ACER\\.gemini\\antigravity\\scratch\\e-surat-kominfo\\vendor\\laravel\\framework\\src\\Illuminate\\Foundation\\Http\\Kernel.php(134): Illuminate\\Foundation\\Http\\Kernel->sendRequestThroughRouter(Object(Illuminate\\Http\\Request))
#57 C:\\Users\\ACER\\.gemini\\antigravity\\scratch\\e-surat-kominfo\\public\\index.php(53): Illuminate\\Foundation\\Http\\Kernel->handle(Object(Illuminate\\Http\\Request))
#58 C:\\Users\\ACER\\.gemini\\antigravity\\scratch\\e-surat-kominfo\\vendor\\laravel\\framework\\src\\Illuminate\\Foundation\\resources\\server.php(16): require_once('C:\\\\Users\\\\ACER\\\\....')
#59 {main}

[previous exception] [object] (PDOException(code: 2002): SQLSTATE[HY000] [2002] No connection could be made because the target machine actively refused it at C:\\Users\\ACER\\.gemini\\antigravity\\scratch\\e-surat-kominfo\\vendor\\laravel\\framework\\src\\Illuminate\\Database\\Connectors\\Connector.php:70)
[stacktrace]
#0 C:\\Users\\ACER\\.gemini\\antigravity\\scratch\\e-surat-kominfo\\vendor\\laravel\\framework\\src\\Illuminate\\Database\\Connectors\\Connector.php(70): PDO->__construct('mysql:host=127....', 'root', '', Array)
#1 C:\\Users\\ACER\\.gemini\\antigravity\\scratch\\e-surat-kominfo\\vendor\\laravel\\framework\\src\\Illuminate\\Database\\Connectors\\Connector.php(46): Illuminate\\Database\\Connectors\\Connector->createPdoConnection('mysql:host=127....', 'root', '', Array)
#2 C:\\Users\\ACER\\.gemini\\antigravity\\scratch\\e-surat-kominfo\\vendor\\laravel\\framework\\src\\Illuminate\\Database\\Connectors\\MySqlConnector.php(24): Illuminate\\Database\\Connectors\\Connector->createConnection('mysql:host=127....', Array, Array)
#3 C:\\Users\\ACER\\.gemini\\antigravity\\scratch\\e-surat-kominfo\\vendor\\laravel\\framework\\src\\Illuminate\\Database\\Connectors\\ConnectionFactory.php(184): Illuminate\\Database\\Connectors\\MySqlConnector->connect(Array)
#4 [internal function]: Illuminate\\Database\\Connectors\\ConnectionFactory->Illuminate\\Database\\Connectors\\{closure}()
#5 C:\\Users\\ACER\\.gemini\\antigravity\\scratch\\e-surat-kominfo\\vendor\\laravel\\framework\\src\\Illuminate\\Database\\Connection.php(1181): call_user_func(Object(Closure))
#6 C:\\Users\\ACER\\.gemini\\antigravity\\scratch\\e-surat-kominfo\\vendor\\laravel\\framework\\src\\Illuminate\\Database\\Connection.php(1217): Illuminate\\Database\\Connection->getPdo()
#7 C:\\Users\\ACER\\.gemini\\antigravity\\scratch\\e-surat-kominfo\\vendor\\laravel\\framework\\src\\Illuminate\\Database\\Connection.php(486): Illuminate\\Database\\Connection->getReadPdo()
#8 C:\\Users\\ACER\\.gemini\\antigravity\\scratch\\e-surat-kominfo\\vendor\\laravel\\framework\\src\\Illuminate\\Database\\Connection.php(414): Illuminate\\Database\\Connection->getPdoForSelect(true)
#9 C:\\Users\\ACER\\.gemini\\antigravity\\scratch\\e-surat-kominfo\\vendor\\laravel\\framework\\src\\Illuminate\\Database\\Connection.php(753): Illuminate\\Database\\Connection->Illuminate\\Database\\{closure}('select * from `...', Array)
#10 C:\\Users\\ACER\\.gemini\\antigravity\\scratch\\e-surat-kominfo\\vendor\\laravel\\framework\\src\\Illuminate\\Database\\Connection.php(720): Illuminate\\Database\\Connection->runQueryCallback('select * from `...', Array, Object(Closure))
#11 C:\\Users\\ACER\\.gemini\\antigravity\\scratch\\e-surat-kominfo\\vendor\\laravel\\framework\\src\\Illuminate\\Database\\Connection.php(422): Illuminate\\Database\\Connection->run('select * from `...', Array, Object(Closure))
#12 C:\\Users\\ACER\\.gemini\\antigravity\\scratch\\e-surat-kominfo\\vendor\\laravel\\framework\\src\\Illuminate\\Database\\Query\\Builder.php(2706): Illuminate\\Database\\Connection->select('select * from `...', Array, true)
#13 C:\\Users\\ACER\\.gemini\\antigravity\\scratch\\e-surat-kominfo\\vendor\\laravel\\framework\\src\\Illuminate\\Database\\Query\\Builder.php(2694): Illuminate\\Database\\Query\\Builder->runSelect()
#14 C:\\Users\\ACER\\.gemini\\antigravity\\scratch\\e-surat-kominfo\\vendor\\laravel\\framework\\src\\Illuminate\\Database\\Query\\Builder.php(3230): Illuminate\\Database\\Query\\Builder->Illuminate\\Database\\Query\\{closure}()
#15 C:\\Users\\ACER\\.gemini\\antigravity\\scratch\\e-surat-kominfo\\vendor\\laravel\\framework\\src\\Illuminate\\Database\\Query\\Builder.php(2695): Illuminate\\Database\\Query\\Builder->onceWithColumns(Array, Object(Closure))
#16 C:\\Users\\ACER\\.gemini\\antigravity\\scratch\\e-surat-kominfo\\vendor\\laravel\\framework\\src\\Illuminate\\Database\\Eloquent\\Builder.php(710): Illuminate\\Database\\Query\\Builder->get(Array)
#17 C:\\Users\\ACER\\.gemini\\antigravity\\scratch\\e-surat-kominfo\\vendor\\laravel\\framework\\src\\Illuminate\\Database\\Eloquent\\Builder.php(694): Illuminate\\Database\\Eloquent\\Builder->getModels(Array)
#18 C:\\Users\\ACER\\.gemini\\antigravity\\scratch\\e-surat-kominfo\\vendor\\laravel\\framework\\src\\Illuminate\\Database\\Concerns\\BuildsQueries.php(296): Illuminate\\Database\\Eloquent\\Builder->get(Array)
#19 C:\\Users\\ACER\\.gemini\\antigravity\\scratch\\e-surat-kominfo\\vendor\\laravel\\framework\\src\\Illuminate\\Auth\\EloquentUserProvider.php(139): Illuminate\\Database\\Eloquent\\Builder->first()
#20 C:\\Users\\ACER\\.gemini\\antigravity\\scratch\\e-surat-kominfo\\vendor\\laravel\\framework\\src\\Illuminate\\Auth\\SessionGuard.php(381): Illuminate\\Auth\\EloquentUserProvider->retrieveByCredentials(Array)
#21 C:\\Users\\ACER\\.gemini\\antigravity\\scratch\\e-surat-kominfo\\vendor\\laravel\\framework\\src\\Illuminate\\Auth\\AuthManager.php(340): Illuminate\\Auth\\SessionGuard->attempt(Array)
#22 C:\\Users\\ACER\\.gemini\\antigravity\\scratch\\e-surat-kominfo\\vendor\\laravel\\framework\\src\\Illuminate\\Support\\Facades\\Facade.php(338): Illuminate\\Auth\\AuthManager->__call('attempt', Array)
#23 C:\\Users\\ACER\\.gemini\\antigravity\\scratch\\e-surat-kominfo\\app\\Http\\Controllers\\AuthController.php(24): Illuminate\\Support\\Facades\\Facade::__callStatic('attempt', Array)
#24 C:\\Users\\ACER\\.gemini\\antigravity\\scratch\\e-surat-kominfo\\vendor\\laravel\\framework\\src\\Illuminate\\Routing\\Controller.php(54): App\\Http\\Controllers\\AuthController->login(Object(Illuminate\\Http\\Request))
#25 C:\\Users\\ACER\\.gemini\\antigravity\\scratch\\e-surat-kominfo\\vendor\\laravel\\framework\\src\\Illuminate\\Routing\\ControllerDispatcher.php(43): Illuminate\\Routing\\Controller->callAction('login', Array)
#26 C:\\Users\\ACER\\.gemini\\antigravity\\scratch\\e-surat-kominfo\\vendor\\laravel\\framework\\src\\Illuminate\\Routing\\Route.php(260): Illuminate\\Routing\\ControllerDispatcher->dispatch(Object(Illuminate\\Routing\\Route), Object(App\\Http\\Controllers\\AuthController), 'login')
#27 C:\\Users\\ACER\\.gemini\\antigravity\\scratch\\e-surat-kominfo\\vendor\\laravel\\framework\\src\\Illuminate\\Routing\\Route.php(205): Illuminate\\Routing\\Route->runController()
#28 C:\\Users\\ACER\\.gemini\\antigravity\\scratch\\e-surat-kominfo\\vendor\\laravel\\framework\\src\\Illuminate\\Routing\\Router.php(798): Illuminate\\Routing\\Route->run()
#29 C:\\Users\\ACER\\.gemini\\antigravity\\scratch\\e-surat-kominfo\\vendor\\laravel\\framework\\src\\Illuminate\\Pipeline\\Pipeline.php(141): Illuminate\\Routing\\Router->Illuminate\\Routing\\{closure}(Object(Illuminate\\Http\\Request))
#30 C:\\Users\\ACER\\.gemini\\antigravity\\scratch\\e-surat-kominfo\\app\\Http\\Middleware\\RedirectIfAuthenticated.php(34): Illuminate\\Pipeline\\Pipeline->Illuminate\\Pipeline\\{closure}(Object(Illuminate\\Http\\Request))
#31 C:\\Users\\ACER\\.gemini\\antigravity\\scratch\\e-surat-kominfo\\vendor\\laravel\\framework\\src\\Illuminate\\Pipeline\\Pipeline.php(180): App\\Http\\Middleware\\RedirectIfAuthenticated->handle(Object(Illuminate\\Http\\Request), Object(Closure))
#32 C:\\Users\\ACER\\.gemini\\antigravity\\scratch\\e-surat-kominfo\\vendor\\laravel\\framework\\src\\Illuminate\\Routing\\Middleware\\SubstituteBindings.php(50): Illuminate\\Pipeline\\Pipeline->Illuminate\\Pipeline\\{closure}(Object(Illuminate\\Http\\Request))
#33 C:\\Users\\ACER\\.gemini\\antigravity\\scratch\\e-surat-kominfo\\vendor\\laravel\\framework\\src\\Illuminate\\Pipeline\\Pipeline.php(180): Illuminate\\Routing\\Middleware\\SubstituteBindings->handle(Object(Illuminate\\Http\\Request), Object(Closure))
#34 C:\\Users\\ACER\\.gemini\\antigravity\\scratch\\e-surat-kominfo\\vendor\\laravel\\framework\\src\\Illuminate\\Foundation\\Http\\Middleware\\VerifyCsrfToken.php(78): Illuminate\\Pipeline\\Pipeline->Illuminate\\Pipeline\\{closure}(Object(Illuminate\\Http\\Request))
#35 C:\\Users\\ACER\\.gemini\\antigravity\\scratch\\e-surat-kominfo\\vendor\\laravel\\framework\\src\\Illuminate\\Pipeline\\Pipeline.php(180): Illuminate\\Foundation\\Http\\Middleware\\VerifyCsrfToken->handle(Object(Illuminate\\Http\\Request), Object(Closure))
#36 C:\\Users\\ACER\\.gemini\\antigravity\\scratch\\e-surat-kominfo\\vendor\\laravel\\framework\\src\\Illuminate\\View\\Middleware\\ShareErrorsFromSession.php(49): Illuminate\\Pipeline\\Pipeline->Illuminate\\Pipeline\\{closure}(Object(Illuminate\\Http\\Request))
#37 C:\\Users\\ACER\\.gemini\\antigravity\\scratch\\e-surat-kominfo\\vendor\\laravel\\framework\\src\\Illuminate\\Pipeline\\Pipeline.php(180): Illuminate\\View\\Middleware\\ShareErrorsFromSession->handle(Object(Illuminate\\Http\\Request), Object(Closure))
#38 C:\\Users\\ACER\\.gemini\\antigravity\\scratch\\e-surat-kominfo\\vendor\\laravel\\framework\\src\\Illuminate\\Session\\Middleware\\StartSession.php(121): Illuminate\\Pipeline\\Pipeline->Illuminate\\Pipeline\\{closure}(Object(Illuminate\\Http\\Request))
#39 C:\\Users\\ACER\\.gemini\\antigravity\\scratch\\e-surat-kominfo\\vendor\\laravel\\framework\\src\\Illuminate\\Session\\Middleware\\StartSession.php(64): Illuminate\\Session\\Middleware\\StartSession->handleStatefulRequest(Object(Illuminate\\Http\\Request), Object(Illuminate\\Session\\Store), Object(Closure))
#40 C:\\Users\\ACER\\.gemini\\antigravity\\scratch\\e-surat-kominfo\\vendor\\laravel\\framework\\src\\Illuminate\\Pipeline\\Pipeline.php(180): Illuminate\\Session\\Middleware\\StartSession->handle(Object(Illuminate\\Http\\Request), Object(Closure))
#41 C:\\Users\\ACER\\.gemini\\antigravity\\scratch\\e-surat-kominfo\\vendor\\laravel\\framework\\src\\Illuminate\\Cookie\\Middleware\\AddQueuedCookiesToResponse.php(37): Illuminate\\Pipeline\\Pipeline->Illuminate\\Pipeline\\{closure}(Object(Illuminate\\Http\\Request))
#42 C:\\Users\\ACER\\.gemini\\antigravity\\scratch\\e-surat-kominfo\\vendor\\laravel\\framework\\src\\Illuminate\\Pipeline\\Pipeline.php(180): Illuminate\\Cookie\\Middleware\\AddQueuedCookiesToResponse->handle(Object(Illuminate\\Http\\Request), Object(Closure))
#43 C:\\Users\\ACER\\.gemini\\antigravity\\scratch\\e-surat-kominfo\\vendor\\laravel\\framework\\src\\Illuminate\\Cookie\\Middleware\\EncryptCookies.php(67): Illuminate\\Pipeline\\Pipeline->Illuminate\\Pipeline\\{closure}(Object(Illuminate\\Http\\Request))
#44 C:\\Users\\ACER\\.gemini\\antigravity\\scratch\\e-surat-kominfo\\vendor\\laravel\\framework\\src\\Illuminate\\Pipeline\\Pipeline.php(180): Illuminate\\Cookie\\Middleware\\EncryptCookies->handle(Object(Illuminate\\Http\\Request), Object(Closure))
#45 C:\\Users\\ACER\\.gemini\\antigravity\\scratch\\e-surat-kominfo\\vendor\\laravel\\framework\\src\\Illuminate\\Pipeline\\Pipeline.php(116): Illuminate\\Pipeline\\Pipeline->Illuminate\\Pipeline\\{closure}(Object(Illuminate\\Http\\Request))
#46 C:\\Users\\ACER\\.gemini\\antigravity\\scratch\\e-surat-kominfo\\vendor\\laravel\\framework\\src\\Illuminate\\Routing\\Router.php(799): Illuminate\\Pipeline\\Pipeline->then(Object(Closure))
#47 C:\\Users\\ACER\\.gemini\\antigravity\\scratch\\e-surat-kominfo\\vendor\\laravel\\framework\\src\\Illuminate\\Routing\\Router.php(776): Illuminate\\Routing\\Router->runRouteWithinStack(Object(Illuminate\\Routing\\Route), Object(Illuminate\\Http\\Request))
#48 C:\\Users\\ACER\\.gemini\\antigravity\\scratch\\e-surat-kominfo\\vendor\\laravel\\framework\\src\\Illuminate\\Routing\\Router.php(740): Illuminate\\Routing\\Router->runRoute(Object(Illuminate\\Http\\Request), Object(Illuminate\\Routing\\Route))
#49 C:\\Users\\ACER\\.gemini\\antigravity\\scratch\\e-surat-kominfo\\vendor\\laravel\\framework\\src\\Illuminate\\Routing\\Router.php(729): Illuminate\\Routing\\Router->dispatchToRoute(Object(Illuminate\\Http\\Request))
#50 C:\\Users\\ACER\\.gemini\\antigravity\\scratch\\e-surat-kominfo\\vendor\\laravel\\framework\\src\\Illuminate\\Foundation\\Http\\Kernel.php(190): Illuminate\\Routing\\Router->dispatch(Object(Illuminate\\Http\\Request))
#51 C:\\Users\\ACER\\.gemini\\antigravity\\scratch\\e-surat-kominfo\\vendor\\laravel\\framework\\src\\Illuminate\\Pipeline\\Pipeline.php(141): Illuminate\\Foundation\\Http\\Kernel->Illuminate\\Foundation\\Http\\{closure}(Object(Illuminate\\Http\\Request))
#52 C:\\Users\\ACER\\.gemini\\antigravity\\scratch\\e-surat-kominfo\\vendor\\laravel\\framework\\src\\Illuminate\\Foundation\\Http\\Middleware\\TransformsRequest.php(21): Illuminate\\Pipeline\\Pipeline->Illuminate\\Pipeline\\{closure}(Object(Illuminate\\Http\\Request))
#53 C:\\Users\\ACER\\.gemini\\antigravity\\scratch\\e-surat-kominfo\\vendor\\laravel\\framework\\src\\Illuminate\\Foundation\\Http\\Middleware\\ConvertEmptyStringsToNull.php(31): Illuminate\\Foundation\\Http\\Middleware\\TransformsRequest->handle(Object(Illuminate\\Http\\Request), Object(Closure))
#54 C:\\Users\\ACER\\.gemini\\antigravity\\scratch\\e-surat-kominfo\\vendor\\laravel\\framework\\src\\Illuminate\\Pipeline\\Pipeline.php(180): Illuminate\\Foundation\\Http\\Middleware\\ConvertEmptyStringsToNull->handle(Object(Illuminate\\Http\\Request), Object(Closure))
#55 C:\\Users\\ACER\\.gemini\\antigravity\\scratch\\e-surat-kominfo\\vendor\\laravel\\framework\\src\\Illuminate\\Foundation\\Http\\Middleware\\TransformsRequest.php(21): Illuminate\\Pipeline\\Pipeline->Illuminate\\Pipeline\\{closure}(Object(Illuminate\\Http\\Request))
#56 C:\\Users\\ACER\\.gemini\\antigravity\\scratch\\e-surat-kominfo\\vendor\\laravel\\framework\\src\\Illuminate\\Foundation\\Http\\Middleware\\TrimStrings.php(40): Illuminate\\Foundation\\Http\\Middleware\\TransformsRequest->handle(Object(Illuminate\\Http\\Request), Object(Closure))
#57 C:\\Users\\ACER\\.gemini\\antigravity\\scratch\\e-surat-kominfo\\vendor\\laravel\\framework\\src\\Illuminate\\Pipeline\\Pipeline.php(180): Illuminate\\Foundation\\Http\\Middleware\\TrimStrings->handle(Object(Illuminate\\Http\\Request), Object(Closure))
#58 C:\\Users\\ACER\\.gemini\\antigravity\\scratch\\e-surat-kominfo\\vendor\\laravel\\framework\\src\\Illuminate\\Foundation\\Http\\Middleware\\ValidatePostSize.php(27): Illuminate\\Pipeline\\Pipeline->Illuminate\\Pipeline\\{closure}(Object(Illuminate\\Http\\Request))
#59 C:\\Users\\ACER\\.gemini\\antigravity\\scratch\\e-surat-kominfo\\vendor\\laravel\\framework\\src\\Illuminate\\Pipeline\\Pipeline.php(180): Illuminate\\Foundation\\Http\\Middleware\\ValidatePostSize->handle(Object(Illuminate\\Http\\Request), Object(Closure))
#60 C:\\Users\\ACER\\.gemini\\antigravity\\scratch\\e-surat-kominfo\\vendor\\laravel\\framework\\src\\Illuminate\\Foundation\\Http\\Middleware\\PreventRequestsDuringMaintenance.php(86): Illuminate\\Pipeline\\Pipeline->Illuminate\\Pipeline\\{closure}(Object(Illuminate\\Http\\Request))
#61 C:\\Users\\ACER\\.gemini\\antigravity\\scratch\\e-surat-kominfo\\vendor\\laravel\\framework\\src\\Illuminate\\Pipeline\\Pipeline.php(180): Illuminate\\Foundation\\Http\\Middleware\\PreventRequestsDuringMaintenance->handle(Object(Illuminate\\Http\\Request), Object(Closure))
#62 C:\\Users\\ACER\\.gemini\\antigravity\\scratch\\e-surat-kominfo\\vendor\\laravel\\framework\\src\\Illuminate\\Http\\Middleware\\HandleCors.php(49): Illuminate\\Pipeline\\Pipeline->Illuminate\\Pipeline\\{closure}(Object(Illuminate\\Http\\Request))
#63 C:\\Users\\ACER\\.gemini\\antigravity\\scratch\\e-surat-kominfo\\vendor\\laravel\\framework\\src\\Illuminate\\Pipeline\\Pipeline.php(180): Illuminate\\Http\\Middleware\\HandleCors->handle(Object(Illuminate\\Http\\Request), Object(Closure))
#64 C:\\Users\\ACER\\.gemini\\antigravity\\scratch\\e-surat-kominfo\\vendor\\laravel\\framework\\src\\Illuminate\\Pipeline\\Pipeline.php(116): Illuminate\\Pipeline\\Pipeline->Illuminate\\Pipeline\\{closure}(Object(Illuminate\\Http\\Request))
#65 C:\\Users\\ACER\\.gemini\\antigravity\\scratch\\e-surat-kominfo\\vendor\\laravel\\framework\\src\\Illuminate\\Foundation\\Http\\Kernel.php(165): Illuminate\\Pipeline\\Pipeline->then(Object(Closure))
#66 C:\\Users\\ACER\\.gemini\\antigravity\\scratch\\e-surat-kominfo\\vendor\\laravel\\framework\\src\\Illuminate\\Foundation\\Http\\Kernel.php(134): Illuminate\\Foundation\\Http\\Kernel->sendRequestThroughRouter(Object(Illuminate\\Http\\Request))
#67 C:\\Users\\ACER\\.gemini\\antigravity\\scratch\\e-surat-kominfo\\public\\index.php(53): Illuminate\\Foundation\\Http\\Kernel->handle(Object(Illuminate\\Http\\Request))
#68 C:\\Users\\ACER\\.gemini\\antigravity\\scratch\\e-surat-kominfo\\vendor\\laravel\\framework\\src\\Illuminate\\Foundation\\resources\\server.php(16): require_once('C:\\\\Users\\\\ACER\\\\....')
#69 {main}
"} 
[2026-05-06 02:16:57] laravel.EMERGENCY: Unable to create configured logger. Using emergency logger. {"exception":"[object] (InvalidArgumentException(code: 0): Log [] is not defined. at C:\\Users\\ACER\\.gemini\\antigravity\\scratch\\e-surat-kominfo\\vendor\\laravel\\framework\\src\\Illuminate\\Log\\LogManager.php:210)
[stacktrace]
#0 C:\\Users\\ACER\\.gemini\\antigravity\\scratch\\e-surat-kominfo\\vendor\\laravel\\framework\\src\\Illuminate\\Log\\LogManager.php(135): Illuminate\\Log\\LogManager->resolve(NULL, NULL)
#1 C:\\Users\\ACER\\.gemini\\antigravity\\scratch\\e-surat-kominfo\\vendor\\laravel\\framework\\src\\Illuminate\\Log\\LogManager.php(122): Illuminate\\Log\\LogManager->get(NULL)
#2 C:\\Users\\ACER\\.gemini\\antigravity\\scratch\\e-surat-kominfo\\vendor\\laravel\\framework\\src\\Illuminate\\Log\\LogManager.php(645): Illuminate\\Log\\LogManager->driver()
#3 C:\\Users\\ACER\\.gemini\\antigravity\\scratch\\e-surat-kominfo\\vendor\\laravel\\framework\\src\\Illuminate\\Foundation\\Exceptions\\Handler.php(274): Illuminate\\Log\\LogManager->error('SQLSTATE[HY000]...', Array)
#4 C:\\Users\\ACER\\.gemini\\antigravity\\scratch\\e-surat-kominfo\\vendor\\laravel\\framework\\src\\Illuminate\\Routing\\Pipeline.php(49): Illuminate\\Foundation\\Exceptions\\Handler->report(Object(Illuminate\\Database\\QueryException))
#5 C:\\Users\\ACER\\.gemini\\antigravity\\scratch\\e-surat-kominfo\\vendor\\laravel\\framework\\src\\Illuminate\\Pipeline\\Pipeline.php(143): Illuminate\\Routing\\Pipeline->handleException(Object(Illuminate\\Http\\Request), Object(Illuminate\\Database\\QueryException))
#6 C:\\Users\\ACER\\.gemini\\antigravity\\scratch\\e-surat-kominfo\\app\\Http\\Middleware\\RedirectIfAuthenticated.php(34): Illuminate\\Pipeline\\Pipeline->Illuminate\\Pipeline\\{closure}(Object(Illuminate\\Http\\Request))
#7 C:\\Users\\ACER\\.gemini\\antigravity\\scratch\\e-surat-kominfo\\vendor\\laravel\\framework\\src\\Illuminate\\Pipeline\\Pipeline.php(180): App\\Http\\Middleware\\RedirectIfAuthenticated->handle(Object(Illuminate\\Http\\Request), Object(Closure))
#8 C:\\Users\\ACER\\.gemini\\antigravity\\scratch\\e-surat-kominfo\\vendor\\laravel\\framework\\src\\Illuminate\\Routing\\Middleware\\SubstituteBindings.php(50): Illuminate\\Pipeline\\Pipeline->Illuminate\\Pipeline\\{closure}(Object(Illuminate\\Http\\Request))
#9 C:\\Users\\ACER\\.gemini\\antigravity\\scratch\\e-surat-kominfo\\vendor\\laravel\\framework\\src\\Illuminate\\Pipeline\\Pipeline.php(180): Illuminate\\Routing\\Middleware\\SubstituteBindings->handle(Object(Illuminate\\Http\\Request), Object(Closure))
#10 C:\\Users\\ACER\\.gemini\\antigravity\\scratch\\e-surat-kominfo\\vendor\\laravel\\framework\\src\\Illuminate\\Foundation\\Http\\Middleware\\VerifyCsrfToken.php(78): Illuminate\\Pipeline\\Pipeline->Illuminate\\Pipeline\\{closure}(Object(Illuminate\\Http\\Request))
#11 C:\\Users\\ACER\\.gemini\\antigravity\\scratch\\e-surat-kominfo\\vendor\\laravel\\framework\\src\\Illuminate\\Pipeline\\Pipeline.php(180): Illuminate\\Foundation\\Http\\Middleware\\VerifyCsrfToken->handle(Object(Illuminate\\Http\\Request), Object(Closure))
#12 C:\\Users\\ACER\\.gemini\\antigravity\\scratch\\e-surat-kominfo\\vendor\\laravel\\framework\\src\\Illuminate\\View\\Middleware\\ShareErrorsFromSession.php(49): Illuminate\\Pipeline\\Pipeline->Illuminate\\Pipeline\\{closure}(Object(Illuminate\\Http\\Request))
#13 C:\\Users\\ACER\\.gemini\\antigravity\\scratch\\e-surat-kominfo\\vendor\\laravel\\framework\\src\\Illuminate\\Pipeline\\Pipeline.php(180): Illuminate\\View\\Middleware\\ShareErrorsFromSession->handle(Object(Illuminate\\Http\\Request), Object(Closure))
#14 C:\\Users\\ACER\\.gemini\\antigravity\\scratch\\e-surat-kominfo\\vendor\\laravel\\framework\\src\\Illuminate\\Session\\Middleware\\StartSession.php(121): Illuminate\\Pipeline\\Pipeline->Illuminate\\Pipeline\\{closure}(Object(Illuminate\\Http\\Request))
#15 C:\\Users\\ACER\\.gemini\\antigravity\\scratch\\e-surat-kominfo\\vendor\\laravel\\framework\\src\\Illuminate\\Session\\Middleware\\StartSession.php(64): Illuminate\\Session\\Middleware\\StartSession->handleStatefulRequest(Object(Illuminate\\Http\\Request), Object(Illuminate\\Session\\Store), Object(Closure))
#16 C:\\Users\\ACER\\.gemini\\antigravity\\scratch\\e-surat-kominfo\\vendor\\laravel\\framework\\src\\Illuminate\\Pipeline\\Pipeline.php(180): Illuminate\\Session\\Middleware\\StartSession->handle(Object(Illuminate\\Http\\Request), Object(Closure))
#17 C:\\Users\\ACER\\.gemini\\antigravity\\scratch\\e-surat-kominfo\\vendor\\laravel\\framework\\src\\Illuminate\\Cookie\\Middleware\\AddQueuedCookiesToResponse.php(37): Illuminate\\Pipeline\\Pipeline->Illuminate\\Pipeline\\{closure}(Object(Illuminate\\Http\\Request))
#18 C:\\Users\\ACER\\.gemini\\antigravity\\scratch\\e-surat-kominfo\\vendor\\laravel\\framework\\src\\Illuminate\\Pipeline\\Pipeline.php(180): Illuminate\\Cookie\\Middleware\\AddQueuedCookiesToResponse->handle(Object(Illuminate\\Http\\Request), Object(Closure))
#19 C:\\Users\\ACER\\.gemini\\antigravity\\scratch\\e-surat-kominfo\\vendor\\laravel\\framework\\src\\Illuminate\\Cookie\\Middleware\\EncryptCookies.php(67): Illuminate\\Pipeline\\Pipeline->Illuminate\\Pipeline\\{closure}(Object(Illuminate\\Http\\Request))
#20 C:\\Users\\ACER\\.gemini\\antigravity\\scratch\\e-surat-kominfo\\vendor\\laravel\\framework\\src\\Illuminate\\Pipeline\\Pipeline.php(180): Illuminate\\Cookie\\Middleware\\EncryptCookies->handle(Object(Illuminate\\Http\\Request), Object(Closure))
#21 C:\\Users\\ACER\\.gemini\\antigravity\\scratch\\e-surat-kominfo\\vendor\\laravel\\framework\\src\\Illuminate\\Pipeline\\Pipeline.php(116): Illuminate\\Pipeline\\Pipeline->Illuminate\\Pipeline\\{closure}(Object(Illuminate\\Http\\Request))
#22 C:\\Users\\ACER\\.gemini\\antigravity\\scratch\\e-surat-kominfo\\vendor\\laravel\\framework\\src\\Illuminate\\Routing\\Router.php(799): Illuminate\\Pipeline\\Pipeline->then(Object(Closure))
#23 C:\\Users\\ACER\\.gemini\\antigravity\\scratch\\e-surat-kominfo\\vendor\\laravel\\framework\\src\\Illuminate\\Routing\\Router.php(776): Illuminate\\Routing\\Router->runRouteWithinStack(Object(Illuminate\\Routing\\Route), Object(Illuminate\\Http\\Request))
#24 C:\\Users\\ACER\\.gemini\\antigravity\\scratch\\e-surat-kominfo\\vendor\\laravel\\framework\\src\\Illuminate\\Routing\\Router.php(740): Illuminate\\Routing\\Router->runRoute(Object(Illuminate\\Http\\Request), Object(Illuminate\\Routing\\Route))
#25 C:\\Users\\ACER\\.gemini\\antigravity\\scratch\\e-surat-kominfo\\vendor\\laravel\\framework\\src\\Illuminate\\Routing\\Router.php(729): Illuminate\\Routing\\Router->dispatchToRoute(Object(Illuminate\\Http\\Request))
#26 C:\\Users\\ACER\\.gemini\\antigravity\\scratch\\e-surat-kominfo\\vendor\\laravel\\framework\\src\\Illuminate\\Foundation\\Http\\Kernel.php(190): Illuminate\\Routing\\Router->dispatch(Object(Illuminate\\Http\\Request))
#27 C:\\Users\\ACER\\.gemini\\antigravity\\scratch\\e-surat-kominfo\\vendor\\laravel\\framework\\src\\Illuminate\\Pipeline\\Pipeline.php(141): Illuminate\\Foundation\\Http\\Kernel->Illuminate\\Foundation\\Http\\{closure}(Object(Illuminate\\Http\\Request))
#28 C:\\Users\\ACER\\.gemini\\antigravity\\scratch\\e-surat-kominfo\\vendor\\laravel\\framework\\src\\Illuminate\\Foundation\\Http\\Middleware\\TransformsRequest.php(21): Illuminate\\Pipeline\\Pipeline->Illuminate\\Pipeline\\{closure}(Object(Illuminate\\Http\\Request))
#29 C:\\Users\\ACER\\.gemini\\antigravity\\scratch\\e-surat-kominfo\\vendor\\laravel\\framework\\src\\Illuminate\\Foundation\\Http\\Middleware\\ConvertEmptyStringsToNull.php(31): Illuminate\\Foundation\\Http\\Middleware\\TransformsRequest->handle(Object(Illuminate\\Http\\Request), Object(Closure))
#30 C:\\Users\\ACER\\.gemini\\antigravity\\scratch\\e-surat-kominfo\\vendor\\laravel\\framework\\src\\Illuminate\\Pipeline\\Pipeline.php(180): Illuminate\\Foundation\\Http\\Middleware\\ConvertEmptyStringsToNull->handle(Object(Illuminate\\Http\\Request), Object(Closure))
#31 C:\\Users\\ACER\\.gemini\\antigravity\\scratch\\e-surat-kominfo\\vendor\\laravel\\framework\\src\\Illuminate\\Foundation\\Http\\Middleware\\TransformsRequest.php(21): Illuminate\\Pipeline\\Pipeline->Illuminate\\Pipeline\\{closure}(Object(Illuminate\\Http\\Request))
#32 C:\\Users\\ACER\\.gemini\\antigravity\\scratch\\e-surat-kominfo\\vendor\\laravel\\framework\\src\\Illuminate\\Foundation\\Http\\Middleware\\TrimStrings.php(40): Illuminate\\Foundation\\Http\\Middleware\\TransformsRequest->handle(Object(Illuminate\\Http\\Request), Object(Closure))
#33 C:\\Users\\ACER\\.gemini\\antigravity\\scratch\\e-surat-kominfo\\vendor\\laravel\\framework\\src\\Illuminate\\Pipeline\\Pipeline.php(180): Illuminate\\Foundation\\Http\\Middleware\\TrimStrings->handle(Object(Illuminate\\Http\\Request), Object(Closure))
#34 C:\\Users\\ACER\\.gemini\\antigravity\\scratch\\e-surat-kominfo\\vendor\\laravel\\framework\\src\\Illuminate\\Foundation\\Http\\Middleware\\ValidatePostSize.php(27): Illuminate\\Pipeline\\Pipeline->Illuminate\\Pipeline\\{closure}(Object(Illuminate\\Http\\Request))
#35 C:\\Users\\ACER\\.gemini\\antigravity\\scratch\\e-surat-kominfo\\vendor\\laravel\\framework\\src\\Illuminate\\Pipeline\\Pipeline.php(180): Illuminate\\Foundation\\Http\\Middleware\\ValidatePostSize->handle(Object(Illuminate\\Http\\Request), Object(Closure))
#36 C:\\Users\\ACER\\.gemini\\antigravity\\scratch\\e-surat-kominfo\\vendor\\laravel\\framework\\src\\Illuminate\\Foundation\\Http\\Middleware\\PreventRequestsDuringMaintenance.php(86): Illuminate\\Pipeline\\Pipeline->Illuminate\\Pipeline\\{closure}(Object(Illuminate\\Http\\Request))
#37 C:\\Users\\ACER\\.gemini\\antigravity\\scratch\\e-surat-kominfo\\vendor\\laravel\\framework\\src\\Illuminate\\Pipeline\\Pipeline.php(180): Illuminate\\Foundation\\Http\\Middleware\\PreventRequestsDuringMaintenance->handle(Object(Illuminate\\Http\\Request), Object(Closure))
#38 C:\\Users\\ACER\\.gemini\\antigravity\\scratch\\e-surat-kominfo\\vendor\\laravel\\framework\\src\\Illuminate\\Http\\Middleware\\HandleCors.php(49): Illuminate\\Pipeline\\Pipeline->Illuminate\\Pipeline\\{closure}(Object(Illuminate\\Http\\Request))
#39 C:\\Users\\ACER\\.gemini\\antigravity\\scratch\\e-surat-kominfo\\vendor\\laravel\\framework\\src\\Illuminate\\Pipeline\\Pipeline.php(180): Illuminate\\Http\\Middleware\\HandleCors->handle(Object(Illuminate\\Http\\Request), Object(Closure))
#40 C:\\Users\\ACER\\.gemini\\antigravity\\scratch\\e-surat-kominfo\\vendor\\laravel\\framework\\src\\Illuminate\\Pipeline\\Pipeline.php(116): Illuminate\\Pipeline\\Pipeline->Illuminate\\Pipeline\\{closure}(Object(Illuminate\\Http\\Request))
#41 C:\\Users\\ACER\\.gemini\\antigravity\\scratch\\e-surat-kominfo\\vendor\\laravel\\framework\\src\\Illuminate\\Foundation\\Http\\Kernel.php(165): Illuminate\\Pipeline\\Pipeline->then(Object(Closure))
#42 C:\\Users\\ACER\\.gemini\\antigravity\\scratch\\e-surat-kominfo\\vendor\\laravel\\framework\\src\\Illuminate\\Foundation\\Http\\Kernel.php(134): Illuminate\\Foundation\\Http\\Kernel->sendRequestThroughRouter(Object(Illuminate\\Http\\Request))
#43 C:\\Users\\ACER\\.gemini\\antigravity\\scratch\\e-surat-kominfo\\public\\index.php(53): Illuminate\\Foundation\\Http\\Kernel->handle(Object(Illuminate\\Http\\Request))
#44 C:\\Users\\ACER\\.gemini\\antigravity\\scratch\\e-surat-kominfo\\vendor\\laravel\\framework\\src\\Illuminate\\Foundation\\resources\\server.php(16): require_once('C:\\\\Users\\\\ACER\\\\....')
#45 {main}
"} 
[2026-05-06 02:16:57] laravel.ERROR: SQLSTATE[HY000] [2002] No connection could be made because the target machine actively refused it (SQL: select * from `users` where `email` = admin@kominfo.go.id limit 1) {"exception":"[object] (Illuminate\\Database\\QueryException(code: 2002): SQLSTATE[HY000] [2002] No connection could be made because the target machine actively refused it (SQL: select * from `users` where `email` = admin@kominfo.go.id limit 1) at C:\\Users\\ACER\\.gemini\\antigravity\\scratch\\e-surat-kominfo\\vendor\\laravel\\framework\\src\\Illuminate\\Database\\Connection.php:760)
[stacktrace]
#0 C:\\Users\\ACER\\.gemini\\antigravity\\scratch\\e-surat-kominfo\\vendor\\laravel\\framework\\src\\Illuminate\\Database\\Connection.php(720): Illuminate\\Database\\Connection->runQueryCallback('select * from `...', Array, Object(Closure))
#1 C:\\Users\\ACER\\.gemini\\antigravity\\scratch\\e-surat-kominfo\\vendor\\laravel\\framework\\src\\Illuminate\\Database\\Connection.php(422): Illuminate\\Database\\Connection->run('select * from `...', Array, Object(Closure))
#2 C:\\Users\\ACER\\.gemini\\antigravity\\scratch\\e-surat-kominfo\\vendor\\laravel\\framework\\src\\Illuminate\\Database\\Query\\Builder.php(2706): Illuminate\\Database\\Connection->select('select * from `...', Array, true)
#3 C:\\Users\\ACER\\.gemini\\antigravity\\scratch\\e-surat-kominfo\\vendor\\laravel\\framework\\src\\Illuminate\\Database\\Query\\Builder.php(2694): Illuminate\\Database\\Query\\Builder->runSelect()
#4 C:\\Users\\ACER\\.gemini\\antigravity\\scratch\\e-surat-kominfo\\vendor\\laravel\\framework\\src\\Illuminate\\Database\\Query\\Builder.php(3230): Illuminate\\Database\\Query\\Builder->Illuminate\\Database\\Query\\{closure}()
#5 C:\\Users\\ACER\\.gemini\\antigravity\\scratch\\e-surat-kominfo\\vendor\\laravel\\framework\\src\\Illuminate\\Database\\Query\\Builder.php(2695): Illuminate\\Database\\Query\\Builder->onceWithColumns(Array, Object(Closure))
#6 C:\\Users\\ACER\\.gemini\\antigravity\\scratch\\e-surat-kominfo\\vendor\\laravel\\framework\\src\\Illuminate\\Database\\Eloquent\\Builder.php(710): Illuminate\\Database\\Query\\Builder->get(Array)
#7 C:\\Users\\ACER\\.gemini\\antigravity\\scratch\\e-surat-kominfo\\vendor\\laravel\\framework\\src\\Illuminate\\Database\\Eloquent\\Builder.php(694): Illuminate\\Database\\Eloquent\\Builder->getModels(Array)
#8 C:\\Users\\ACER\\.gemini\\antigravity\\scratch\\e-surat-kominfo\\vendor\\laravel\\framework\\src\\Illuminate\\Database\\Concerns\\BuildsQueries.php(296): Illuminate\\Database\\Eloquent\\Builder->get(Array)
#9 C:\\Users\\ACER\\.gemini\\antigravity\\scratch\\e-surat-kominfo\\vendor\\laravel\\framework\\src\\Illuminate\\Auth\\EloquentUserProvider.php(139): Illuminate\\Database\\Eloquent\\Builder->first()
#10 C:\\Users\\ACER\\.gemini\\antigravity\\scratch\\e-surat-kominfo\\vendor\\laravel\\framework\\src\\Illuminate\\Auth\\SessionGuard.php(381): Illuminate\\Auth\\EloquentUserProvider->retrieveByCredentials(Array)
#11 C:\\Users\\ACER\\.gemini\\antigravity\\scratch\\e-surat-kominfo\\vendor\\laravel\\framework\\src\\Illuminate\\Auth\\AuthManager.php(340): Illuminate\\Auth\\SessionGuard->attempt(Array)
#12 C:\\Users\\ACER\\.gemini\\antigravity\\scratch\\e-surat-kominfo\\vendor\\laravel\\framework\\src\\Illuminate\\Support\\Facades\\Facade.php(338): Illuminate\\Auth\\AuthManager->__call('attempt', Array)
#13 C:\\Users\\ACER\\.gemini\\antigravity\\scratch\\e-surat-kominfo\\app\\Http\\Controllers\\AuthController.php(24): Illuminate\\Support\\Facades\\Facade::__callStatic('attempt', Array)
#14 C:\\Users\\ACER\\.gemini\\antigravity\\scratch\\e-surat-kominfo\\vendor\\laravel\\framework\\src\\Illuminate\\Routing\\Controller.php(54): App\\Http\\Controllers\\AuthController->login(Object(Illuminate\\Http\\Request))
#15 C:\\Users\\ACER\\.gemini\\antigravity\\scratch\\e-surat-kominfo\\vendor\\laravel\\framework\\src\\Illuminate\\Routing\\ControllerDispatcher.php(43): Illuminate\\Routing\\Controller->callAction('login', Array)
#16 C:\\Users\\ACER\\.gemini\\antigravity\\scratch\\e-surat-kominfo\\vendor\\laravel\\framework\\src\\Illuminate\\Routing\\Route.php(260): Illuminate\\Routing\\ControllerDispatcher->dispatch(Object(Illuminate\\Routing\\Route), Object(App\\Http\\Controllers\\AuthController), 'login')
#17 C:\\Users\\ACER\\.gemini\\antigravity\\scratch\\e-surat-kominfo\\vendor\\laravel\\framework\\src\\Illuminate\\Routing\\Route.php(205): Illuminate\\Routing\\Route->runController()
#18 C:\\Users\\ACER\\.gemini\\antigravity\\scratch\\e-surat-kominfo\\vendor\\laravel\\framework\\src\\Illuminate\\Routing\\Router.php(798): Illuminate\\Routing\\Route->run()
#19 C:\\Users\\ACER\\.gemini\\antigravity\\scratch\\e-surat-kominfo\\vendor\\laravel\\framework\\src\\Illuminate\\Pipeline\\Pipeline.php(141): Illuminate\\Routing\\Router->Illuminate\\Routing\\{closure}(Object(Illuminate\\Http\\Request))
#20 C:\\Users\\ACER\\.gemini\\antigravity\\scratch\\e-surat-kominfo\\app\\Http\\Middleware\\RedirectIfAuthenticated.php(34): Illuminate\\Pipeline\\Pipeline->Illuminate\\Pipeline\\{closure}(Object(Illuminate\\Http\\Request))
#21 C:\\Users\\ACER\\.gemini\\antigravity\\scratch\\e-surat-kominfo\\vendor\\laravel\\framework\\src\\Illuminate\\Pipeline\\Pipeline.php(180): App\\Http\\Middleware\\RedirectIfAuthenticated->handle(Object(Illuminate\\Http\\Request), Object(Closure))
#22 C:\\Users\\ACER\\.gemini\\antigravity\\scratch\\e-surat-kominfo\\vendor\\laravel\\framework\\src\\Illuminate\\Routing\\Middleware\\SubstituteBindings.php(50): Illuminate\\Pipeline\\Pipeline->Illuminate\\Pipeline\\{closure}(Object(Illuminate\\Http\\Request))
#23 C:\\Users\\ACER\\.gemini\\antigravity\\scratch\\e-surat-kominfo\\vendor\\laravel\\framework\\src\\Illuminate\\Pipeline\\Pipeline.php(180): Illuminate\\Routing\\Middleware\\SubstituteBindings->handle(Object(Illuminate\\Http\\Request), Object(Closure))
#24 C:\\Users\\ACER\\.gemini\\antigravity\\scratch\\e-surat-kominfo\\vendor\\laravel\\framework\\src\\Illuminate\\Foundation\\Http\\Middleware\\VerifyCsrfToken.php(78): Illuminate\\Pipeline\\Pipeline->Illuminate\\Pipeline\\{closure}(Object(Illuminate\\Http\\Request))
#25 C:\\Users\\ACER\\.gemini\\antigravity\\scratch\\e-surat-kominfo\\vendor\\laravel\\framework\\src\\Illuminate\\Pipeline\\Pipeline.php(180): Illuminate\\Foundation\\Http\\Middleware\\VerifyCsrfToken->handle(Object(Illuminate\\Http\\Request), Object(Closure))
#26 C:\\Users\\ACER\\.gemini\\antigravity\\scratch\\e-surat-kominfo\\vendor\\laravel\\framework\\src\\Illuminate\\View\\Middleware\\ShareErrorsFromSession.php(49): Illuminate\\Pipeline\\Pipeline->Illuminate\\Pipeline\\{closure}(Object(Illuminate\\Http\\Request))
#27 C:\\Users\\ACER\\.gemini\\antigravity\\scratch\\e-surat-kominfo\\vendor\\laravel\\framework\\src\\Illuminate\\Pipeline\\Pipeline.php(180): Illuminate\\View\\Middleware\\ShareErrorsFromSession->handle(Object(Illuminate\\Http\\Request), Object(Closure))
#28 C:\\Users\\ACER\\.gemini\\antigravity\\scratch\\e-surat-kominfo\\vendor\\laravel\\framework\\src\\Illuminate\\Session\\Middleware\\StartSession.php(121): Illuminate\\Pipeline\\Pipeline->Illuminate\\Pipeline\\{closure}(Object(Illuminate\\Http\\Request))
#29 C:\\Users\\ACER\\.gemini\\antigravity\\scratch\\e-surat-kominfo\\vendor\\laravel\\framework\\src\\Illuminate\\Session\\Middleware\\StartSession.php(64): Illuminate\\Session\\Middleware\\StartSession->handleStatefulRequest(Object(Illuminate\\Http\\Request), Object(Illuminate\\Session\\Store), Object(Closure))
#30 C:\\Users\\ACER\\.gemini\\antigravity\\scratch\\e-surat-kominfo\\vendor\\laravel\\framework\\src\\Illuminate\\Pipeline\\Pipeline.php(180): Illuminate\\Session\\Middleware\\StartSession->handle(Object(Illuminate\\Http\\Request), Object(Closure))
#31 C:\\Users\\ACER\\.gemini\\antigravity\\scratch\\e-surat-kominfo\\vendor\\laravel\\framework\\src\\Illuminate\\Cookie\\Middleware\\AddQueuedCookiesToResponse.php(37): Illuminate\\Pipeline\\Pipeline->Illuminate\\Pipeline\\{closure}(Object(Illuminate\\Http\\Request))
#32 C:\\Users\\ACER\\.gemini\\antigravity\\scratch\\e-surat-kominfo\\vendor\\laravel\\framework\\src\\Illuminate\\Pipeline\\Pipeline.php(180): Illuminate\\Cookie\\Middleware\\AddQueuedCookiesToResponse->handle(Object(Illuminate\\Http\\Request), Object(Closure))
#33 C:\\Users\\ACER\\.gemini\\antigravity\\scratch\\e-surat-kominfo\\vendor\\laravel\\framework\\src\\Illuminate\\Cookie\\Middleware\\EncryptCookies.php(67): Illuminate\\Pipeline\\Pipeline->Illuminate\\Pipeline\\{closure}(Object(Illuminate\\Http\\Request))
#34 C:\\Users\\ACER\\.gemini\\antigravity\\scratch\\e-surat-kominfo\\vendor\\laravel\\framework\\src\\Illuminate\\Pipeline\\Pipeline.php(180): Illuminate\\Cookie\\Middleware\\EncryptCookies->handle(Object(Illuminate\\Http\\Request), Object(Closure))
#35 C:\\Users\\ACER\\.gemini\\antigravity\\scratch\\e-surat-kominfo\\vendor\\laravel\\framework\\src\\Illuminate\\Pipeline\\Pipeline.php(116): Illuminate\\Pipeline\\Pipeline->Illuminate\\Pipeline\\{closure}(Object(Illuminate\\Http\\Request))
#36 C:\\Users\\ACER\\.gemini\\antigravity\\scratch\\e-surat-kominfo\\vendor\\laravel\\framework\\src\\Illuminate\\Routing\\Router.php(799): Illuminate\\Pipeline\\Pipeline->then(Object(Closure))
#37 C:\\Users\\ACER\\.gemini\\antigravity\\scratch\\e-surat-kominfo\\vendor\\laravel\\framework\\src\\Illuminate\\Routing\\Router.php(776): Illuminate\\Routing\\Router->runRouteWithinStack(Object(Illuminate\\Routing\\Route), Object(Illuminate\\Http\\Request))
#38 C:\\Users\\ACER\\.gemini\\antigravity\\scratch\\e-surat-kominfo\\vendor\\laravel\\framework\\src\\Illuminate\\Routing\\Router.php(740): Illuminate\\Routing\\Router->runRoute(Object(Illuminate\\Http\\Request), Object(Illuminate\\Routing\\Route))
#39 C:\\Users\\ACER\\.gemini\\antigravity\\scratch\\e-surat-kominfo\\vendor\\laravel\\framework\\src\\Illuminate\\Routing\\Router.php(729): Illuminate\\Routing\\Router->dispatchToRoute(Object(Illuminate\\Http\\Request))
#40 C:\\Users\\ACER\\.gemini\\antigravity\\scratch\\e-surat-kominfo\\vendor\\laravel\\framework\\src\\Illuminate\\Foundation\\Http\\Kernel.php(190): Illuminate\\Routing\\Router->dispatch(Object(Illuminate\\Http\\Request))
#41 C:\\Users\\ACER\\.gemini\\antigravity\\scratch\\e-surat-kominfo\\vendor\\laravel\\framework\\src\\Illuminate\\Pipeline\\Pipeline.php(141): Illuminate\\Foundation\\Http\\Kernel->Illuminate\\Foundation\\Http\\{closure}(Object(Illuminate\\Http\\Request))
#42 C:\\Users\\ACER\\.gemini\\antigravity\\scratch\\e-surat-kominfo\\vendor\\laravel\\framework\\src\\Illuminate\\Foundation\\Http\\Middleware\\TransformsRequest.php(21): Illuminate\\Pipeline\\Pipeline->Illuminate\\Pipeline\\{closure}(Object(Illuminate\\Http\\Request))
#43 C:\\Users\\ACER\\.gemini\\antigravity\\scratch\\e-surat-kominfo\\vendor\\laravel\\framework\\src\\Illuminate\\Foundation\\Http\\Middleware\\ConvertEmptyStringsToNull.php(31): Illuminate\\Foundation\\Http\\Middleware\\TransformsRequest->handle(Object(Illuminate\\Http\\Request), Object(Closure))
#44 C:\\Users\\ACER\\.gemini\\antigravity\\scratch\\e-surat-kominfo\\vendor\\laravel\\framework\\src\\Illuminate\\Pipeline\\Pipeline.php(180): Illuminate\\Foundation\\Http\\Middleware\\ConvertEmptyStringsToNull->handle(Object(Illuminate\\Http\\Request), Object(Closure))
#45 C:\\Users\\ACER\\.gemini\\antigravity\\scratch\\e-surat-kominfo\\vendor\\laravel\\framework\\src\\Illuminate\\Foundation\\Http\\Middleware\\TransformsRequest.php(21): Illuminate\\Pipeline\\Pipeline->Illuminate\\Pipeline\\{closure}(Object(Illuminate\\Http\\Request))
#46 C:\\Users\\ACER\\.gemini\\antigravity\\scratch\\e-surat-kominfo\\vendor\\laravel\\framework\\src\\Illuminate\\Foundation\\Http\\Middleware\\TrimStrings.php(40): Illuminate\\Foundation\\Http\\Middleware\\TransformsRequest->handle(Object(Illuminate\\Http\\Request), Object(Closure))
#47 C:\\Users\\ACER\\.gemini\\antigravity\\scratch\\e-surat-kominfo\\vendor\\laravel\\framework\\src\\Illuminate\\Pipeline\\Pipeline.php(180): Illuminate\\Foundation\\Http\\Middleware\\TrimStrings->handle(Object(Illuminate\\Http\\Request), Object(Closure))
#48 C:\\Users\\ACER\\.gemini\\antigravity\\scratch\\e-surat-kominfo\\vendor\\laravel\\framework\\src\\Illuminate\\Foundation\\Http\\Middleware\\ValidatePostSize.php(27): Illuminate\\Pipeline\\Pipeline->Illuminate\\Pipeline\\{closure}(Object(Illuminate\\Http\\Request))
#49 C:\\Users\\ACER\\.gemini\\antigravity\\scratch\\e-surat-kominfo\\vendor\\laravel\\framework\\src\\Illuminate\\Pipeline\\Pipeline.php(180): Illuminate\\Foundation\\Http\\Middleware\\ValidatePostSize->handle(Object(Illuminate\\Http\\Request), Object(Closure))
#50 C:\\Users\\ACER\\.gemini\\antigravity\\scratch\\e-surat-kominfo\\vendor\\laravel\\framework\\src\\Illuminate\\Foundation\\Http\\Middleware\\PreventRequestsDuringMaintenance.php(86): Illuminate\\Pipeline\\Pipeline->Illuminate\\Pipeline\\{closure}(Object(Illuminate\\Http\\Request))
#51 C:\\Users\\ACER\\.gemini\\antigravity\\scratch\\e-surat-kominfo\\vendor\\laravel\\framework\\src\\Illuminate\\Pipeline\\Pipeline.php(180): Illuminate\\Foundation\\Http\\Middleware\\PreventRequestsDuringMaintenance->handle(Object(Illuminate\\Http\\Request), Object(Closure))
#52 C:\\Users\\ACER\\.gemini\\antigravity\\scratch\\e-surat-kominfo\\vendor\\laravel\\framework\\src\\Illuminate\\Http\\Middleware\\HandleCors.php(49): Illuminate\\Pipeline\\Pipeline->Illuminate\\Pipeline\\{closure}(Object(Illuminate\\Http\\Request))
#53 C:\\Users\\ACER\\.gemini\\antigravity\\scratch\\e-surat-kominfo\\vendor\\laravel\\framework\\src\\Illuminate\\Pipeline\\Pipeline.php(180): Illuminate\\Http\\Middleware\\HandleCors->handle(Object(Illuminate\\Http\\Request), Object(Closure))
#54 C:\\Users\\ACER\\.gemini\\antigravity\\scratch\\e-surat-kominfo\\vendor\\laravel\\framework\\src\\Illuminate\\Pipeline\\Pipeline.php(116): Illuminate\\Pipeline\\Pipeline->Illuminate\\Pipeline\\{closure}(Object(Illuminate\\Http\\Request))
#55 C:\\Users\\ACER\\.gemini\\antigravity\\scratch\\e-surat-kominfo\\vendor\\laravel\\framework\\src\\Illuminate\\Foundation\\Http\\Kernel.php(165): Illuminate\\Pipeline\\Pipeline->then(Object(Closure))
#56 C:\\Users\\ACER\\.gemini\\antigravity\\scratch\\e-surat-kominfo\\vendor\\laravel\\framework\\src\\Illuminate\\Foundation\\Http\\Kernel.php(134): Illuminate\\Foundation\\Http\\Kernel->sendRequestThroughRouter(Object(Illuminate\\Http\\Request))
#57 C:\\Users\\ACER\\.gemini\\antigravity\\scratch\\e-surat-kominfo\\public\\index.php(53): Illuminate\\Foundation\\Http\\Kernel->handle(Object(Illuminate\\Http\\Request))
#58 C:\\Users\\ACER\\.gemini\\antigravity\\scratch\\e-surat-kominfo\\vendor\\laravel\\framework\\src\\Illuminate\\Foundation\\resources\\server.php(16): require_once('C:\\\\Users\\\\ACER\\\\....')
#59 {main}

[previous exception] [object] (PDOException(code: 2002): SQLSTATE[HY000] [2002] No connection could be made because the target machine actively refused it at C:\\Users\\ACER\\.gemini\\antigravity\\scratch\\e-surat-kominfo\\vendor\\laravel\\framework\\src\\Illuminate\\Database\\Connectors\\Connector.php:70)
[stacktrace]
#0 C:\\Users\\ACER\\.gemini\\antigravity\\scratch\\e-surat-kominfo\\vendor\\laravel\\framework\\src\\Illuminate\\Database\\Connectors\\Connector.php(70): PDO->__construct('mysql:host=127....', 'root', '', Array)
#1 C:\\Users\\ACER\\.gemini\\antigravity\\scratch\\e-surat-kominfo\\vendor\\laravel\\framework\\src\\Illuminate\\Database\\Connectors\\Connector.php(46): Illuminate\\Database\\Connectors\\Connector->createPdoConnection('mysql:host=127....', 'root', '', Array)
#2 C:\\Users\\ACER\\.gemini\\antigravity\\scratch\\e-surat-kominfo\\vendor\\laravel\\framework\\src\\Illuminate\\Database\\Connectors\\MySqlConnector.php(24): Illuminate\\Database\\Connectors\\Connector->createConnection('mysql:host=127....', Array, Array)
#3 C:\\Users\\ACER\\.gemini\\antigravity\\scratch\\e-surat-kominfo\\vendor\\laravel\\framework\\src\\Illuminate\\Database\\Connectors\\ConnectionFactory.php(184): Illuminate\\Database\\Connectors\\MySqlConnector->connect(Array)
#4 [internal function]: Illuminate\\Database\\Connectors\\ConnectionFactory->Illuminate\\Database\\Connectors\\{closure}()
#5 C:\\Users\\ACER\\.gemini\\antigravity\\scratch\\e-surat-kominfo\\vendor\\laravel\\framework\\src\\Illuminate\\Database\\Connection.php(1181): call_user_func(Object(Closure))
#6 C:\\Users\\ACER\\.gemini\\antigravity\\scratch\\e-surat-kominfo\\vendor\\laravel\\framework\\src\\Illuminate\\Database\\Connection.php(1217): Illuminate\\Database\\Connection->getPdo()
#7 C:\\Users\\ACER\\.gemini\\antigravity\\scratch\\e-surat-kominfo\\vendor\\laravel\\framework\\src\\Illuminate\\Database\\Connection.php(486): Illuminate\\Database\\Connection->getReadPdo()
#8 C:\\Users\\ACER\\.gemini\\antigravity\\scratch\\e-surat-kominfo\\vendor\\laravel\\framework\\src\\Illuminate\\Database\\Connection.php(414): Illuminate\\Database\\Connection->getPdoForSelect(true)
#9 C:\\Users\\ACER\\.gemini\\antigravity\\scratch\\e-surat-kominfo\\vendor\\laravel\\framework\\src\\Illuminate\\Database\\Connection.php(753): Illuminate\\Database\\Connection->Illuminate\\Database\\{closure}('select * from `...', Array)
#10 C:\\Users\\ACER\\.gemini\\antigravity\\scratch\\e-surat-kominfo\\vendor\\laravel\\framework\\src\\Illuminate\\Database\\Connection.php(720): Illuminate\\Database\\Connection->runQueryCallback('select * from `...', Array, Object(Closure))
#11 C:\\Users\\ACER\\.gemini\\antigravity\\scratch\\e-surat-kominfo\\vendor\\laravel\\framework\\src\\Illuminate\\Database\\Connection.php(422): Illuminate\\Database\\Connection->run('select * from `...', Array, Object(Closure))
#12 C:\\Users\\ACER\\.gemini\\antigravity\\scratch\\e-surat-kominfo\\vendor\\laravel\\framework\\src\\Illuminate\\Database\\Query\\Builder.php(2706): Illuminate\\Database\\Connection->select('select * from `...', Array, true)
#13 C:\\Users\\ACER\\.gemini\\antigravity\\scratch\\e-surat-kominfo\\vendor\\laravel\\framework\\src\\Illuminate\\Database\\Query\\Builder.php(2694): Illuminate\\Database\\Query\\Builder->runSelect()
#14 C:\\Users\\ACER\\.gemini\\antigravity\\scratch\\e-surat-kominfo\\vendor\\laravel\\framework\\src\\Illuminate\\Database\\Query\\Builder.php(3230): Illuminate\\Database\\Query\\Builder->Illuminate\\Database\\Query\\{closure}()
#15 C:\\Users\\ACER\\.gemini\\antigravity\\scratch\\e-surat-kominfo\\vendor\\laravel\\framework\\src\\Illuminate\\Database\\Query\\Builder.php(2695): Illuminate\\Database\\Query\\Builder->onceWithColumns(Array, Object(Closure))
#16 C:\\Users\\ACER\\.gemini\\antigravity\\scratch\\e-surat-kominfo\\vendor\\laravel\\framework\\src\\Illuminate\\Database\\Eloquent\\Builder.php(710): Illuminate\\Database\\Query\\Builder->get(Array)
#17 C:\\Users\\ACER\\.gemini\\antigravity\\scratch\\e-surat-kominfo\\vendor\\laravel\\framework\\src\\Illuminate\\Database\\Eloquent\\Builder.php(694): Illuminate\\Database\\Eloquent\\Builder->getModels(Array)
#18 C:\\Users\\ACER\\.gemini\\antigravity\\scratch\\e-surat-kominfo\\vendor\\laravel\\framework\\src\\Illuminate\\Database\\Concerns\\BuildsQueries.php(296): Illuminate\\Database\\Eloquent\\Builder->get(Array)
#19 C:\\Users\\ACER\\.gemini\\antigravity\\scratch\\e-surat-kominfo\\vendor\\laravel\\framework\\src\\Illuminate\\Auth\\EloquentUserProvider.php(139): Illuminate\\Database\\Eloquent\\Builder->first()
#20 C:\\Users\\ACER\\.gemini\\antigravity\\scratch\\e-surat-kominfo\\vendor\\laravel\\framework\\src\\Illuminate\\Auth\\SessionGuard.php(381): Illuminate\\Auth\\EloquentUserProvider->retrieveByCredentials(Array)
#21 C:\\Users\\ACER\\.gemini\\antigravity\\scratch\\e-surat-kominfo\\vendor\\laravel\\framework\\src\\Illuminate\\Auth\\AuthManager.php(340): Illuminate\\Auth\\SessionGuard->attempt(Array)
#22 C:\\Users\\ACER\\.gemini\\antigravity\\scratch\\e-surat-kominfo\\vendor\\laravel\\framework\\src\\Illuminate\\Support\\Facades\\Facade.php(338): Illuminate\\Auth\\AuthManager->__call('attempt', Array)
#23 C:\\Users\\ACER\\.gemini\\antigravity\\scratch\\e-surat-kominfo\\app\\Http\\Controllers\\AuthController.php(24): Illuminate\\Support\\Facades\\Facade::__callStatic('attempt', Array)
#24 C:\\Users\\ACER\\.gemini\\antigravity\\scratch\\e-surat-kominfo\\vendor\\laravel\\framework\\src\\Illuminate\\Routing\\Controller.php(54): App\\Http\\Controllers\\AuthController->login(Object(Illuminate\\Http\\Request))
#25 C:\\Users\\ACER\\.gemini\\antigravity\\scratch\\e-surat-kominfo\\vendor\\laravel\\framework\\src\\Illuminate\\Routing\\ControllerDispatcher.php(43): Illuminate\\Routing\\Controller->callAction('login', Array)
#26 C:\\Users\\ACER\\.gemini\\antigravity\\scratch\\e-surat-kominfo\\vendor\\laravel\\framework\\src\\Illuminate\\Routing\\Route.php(260): Illuminate\\Routing\\ControllerDispatcher->dispatch(Object(Illuminate\\Routing\\Route), Object(App\\Http\\Controllers\\AuthController), 'login')
#27 C:\\Users\\ACER\\.gemini\\antigravity\\scratch\\e-surat-kominfo\\vendor\\laravel\\framework\\src\\Illuminate\\Routing\\Route.php(205): Illuminate\\Routing\\Route->runController()
#28 C:\\Users\\ACER\\.gemini\\antigravity\\scratch\\e-surat-kominfo\\vendor\\laravel\\framework\\src\\Illuminate\\Routing\\Router.php(798): Illuminate\\Routing\\Route->run()
#29 C:\\Users\\ACER\\.gemini\\antigravity\\scratch\\e-surat-kominfo\\vendor\\laravel\\framework\\src\\Illuminate\\Pipeline\\Pipeline.php(141): Illuminate\\Routing\\Router->Illuminate\\Routing\\{closure}(Object(Illuminate\\Http\\Request))
#30 C:\\Users\\ACER\\.gemini\\antigravity\\scratch\\e-surat-kominfo\\app\\Http\\Middleware\\RedirectIfAuthenticated.php(34): Illuminate\\Pipeline\\Pipeline->Illuminate\\Pipeline\\{closure}(Object(Illuminate\\Http\\Request))
#31 C:\\Users\\ACER\\.gemini\\antigravity\\scratch\\e-surat-kominfo\\vendor\\laravel\\framework\\src\\Illuminate\\Pipeline\\Pipeline.php(180): App\\Http\\Middleware\\RedirectIfAuthenticated->handle(Object(Illuminate\\Http\\Request), Object(Closure))
#32 C:\\Users\\ACER\\.gemini\\antigravity\\scratch\\e-surat-kominfo\\vendor\\laravel\\framework\\src\\Illuminate\\Routing\\Middleware\\SubstituteBindings.php(50): Illuminate\\Pipeline\\Pipeline->Illuminate\\Pipeline\\{closure}(Object(Illuminate\\Http\\Request))
#33 C:\\Users\\ACER\\.gemini\\antigravity\\scratch\\e-surat-kominfo\\vendor\\laravel\\framework\\src\\Illuminate\\Pipeline\\Pipeline.php(180): Illuminate\\Routing\\Middleware\\SubstituteBindings->handle(Object(Illuminate\\Http\\Request), Object(Closure))
#34 C:\\Users\\ACER\\.gemini\\antigravity\\scratch\\e-surat-kominfo\\vendor\\laravel\\framework\\src\\Illuminate\\Foundation\\Http\\Middleware\\VerifyCsrfToken.php(78): Illuminate\\Pipeline\\Pipeline->Illuminate\\Pipeline\\{closure}(Object(Illuminate\\Http\\Request))
#35 C:\\Users\\ACER\\.gemini\\antigravity\\scratch\\e-surat-kominfo\\vendor\\laravel\\framework\\src\\Illuminate\\Pipeline\\Pipeline.php(180): Illuminate\\Foundation\\Http\\Middleware\\VerifyCsrfToken->handle(Object(Illuminate\\Http\\Request), Object(Closure))
#36 C:\\Users\\ACER\\.gemini\\antigravity\\scratch\\e-surat-kominfo\\vendor\\laravel\\framework\\src\\Illuminate\\View\\Middleware\\ShareErrorsFromSession.php(49): Illuminate\\Pipeline\\Pipeline->Illuminate\\Pipeline\\{closure}(Object(Illuminate\\Http\\Request))
#37 C:\\Users\\ACER\\.gemini\\antigravity\\scratch\\e-surat-kominfo\\vendor\\laravel\\framework\\src\\Illuminate\\Pipeline\\Pipeline.php(180): Illuminate\\View\\Middleware\\ShareErrorsFromSession->handle(Object(Illuminate\\Http\\Request), Object(Closure))
#38 C:\\Users\\ACER\\.gemini\\antigravity\\scratch\\e-surat-kominfo\\vendor\\laravel\\framework\\src\\Illuminate\\Session\\Middleware\\StartSession.php(121): Illuminate\\Pipeline\\Pipeline->Illuminate\\Pipeline\\{closure}(Object(Illuminate\\Http\\Request))
#39 C:\\Users\\ACER\\.gemini\\antigravity\\scratch\\e-surat-kominfo\\vendor\\laravel\\framework\\src\\Illuminate\\Session\\Middleware\\StartSession.php(64): Illuminate\\Session\\Middleware\\StartSession->handleStatefulRequest(Object(Illuminate\\Http\\Request), Object(Illuminate\\Session\\Store), Object(Closure))
#40 C:\\Users\\ACER\\.gemini\\antigravity\\scratch\\e-surat-kominfo\\vendor\\laravel\\framework\\src\\Illuminate\\Pipeline\\Pipeline.php(180): Illuminate\\Session\\Middleware\\StartSession->handle(Object(Illuminate\\Http\\Request), Object(Closure))
#41 C:\\Users\\ACER\\.gemini\\antigravity\\scratch\\e-surat-kominfo\\vendor\\laravel\\framework\\src\\Illuminate\\Cookie\\Middleware\\AddQueuedCookiesToResponse.php(37): Illuminate\\Pipeline\\Pipeline->Illuminate\\Pipeline\\{closure}(Object(Illuminate\\Http\\Request))
#42 C:\\Users\\ACER\\.gemini\\antigravity\\scratch\\e-surat-kominfo\\vendor\\laravel\\framework\\src\\Illuminate\\Pipeline\\Pipeline.php(180): Illuminate\\Cookie\\Middleware\\AddQueuedCookiesToResponse->handle(Object(Illuminate\\Http\\Request), Object(Closure))
#43 C:\\Users\\ACER\\.gemini\\antigravity\\scratch\\e-surat-kominfo\\vendor\\laravel\\framework\\src\\Illuminate\\Cookie\\Middleware\\EncryptCookies.php(67): Illuminate\\Pipeline\\Pipeline->Illuminate\\Pipeline\\{closure}(Object(Illuminate\\Http\\Request))
#44 C:\\Users\\ACER\\.gemini\\antigravity\\scratch\\e-surat-kominfo\\vendor\\laravel\\framework\\src\\Illuminate\\Pipeline\\Pipeline.php(180): Illuminate\\Cookie\\Middleware\\EncryptCookies->handle(Object(Illuminate\\Http\\Request), Object(Closure))
#45 C:\\Users\\ACER\\.gemini\\antigravity\\scratch\\e-surat-kominfo\\vendor\\laravel\\framework\\src\\Illuminate\\Pipeline\\Pipeline.php(116): Illuminate\\Pipeline\\Pipeline->Illuminate\\Pipeline\\{closure}(Object(Illuminate\\Http\\Request))
#46 C:\\Users\\ACER\\.gemini\\antigravity\\scratch\\e-surat-kominfo\\vendor\\laravel\\framework\\src\\Illuminate\\Routing\\Router.php(799): Illuminate\\Pipeline\\Pipeline->then(Object(Closure))
#47 C:\\Users\\ACER\\.gemini\\antigravity\\scratch\\e-surat-kominfo\\vendor\\laravel\\framework\\src\\Illuminate\\Routing\\Router.php(776): Illuminate\\Routing\\Router->runRouteWithinStack(Object(Illuminate\\Routing\\Route), Object(Illuminate\\Http\\Request))
#48 C:\\Users\\ACER\\.gemini\\antigravity\\scratch\\e-surat-kominfo\\vendor\\laravel\\framework\\src\\Illuminate\\Routing\\Router.php(740): Illuminate\\Routing\\Router->runRoute(Object(Illuminate\\Http\\Request), Object(Illuminate\\Routing\\Route))
#49 C:\\Users\\ACER\\.gemini\\antigravity\\scratch\\e-surat-kominfo\\vendor\\laravel\\framework\\src\\Illuminate\\Routing\\Router.php(729): Illuminate\\Routing\\Router->dispatchToRoute(Object(Illuminate\\Http\\Request))
#50 C:\\Users\\ACER\\.gemini\\antigravity\\scratch\\e-surat-kominfo\\vendor\\laravel\\framework\\src\\Illuminate\\Foundation\\Http\\Kernel.php(190): Illuminate\\Routing\\Router->dispatch(Object(Illuminate\\Http\\Request))
#51 C:\\Users\\ACER\\.gemini\\antigravity\\scratch\\e-surat-kominfo\\vendor\\laravel\\framework\\src\\Illuminate\\Pipeline\\Pipeline.php(141): Illuminate\\Foundation\\Http\\Kernel->Illuminate\\Foundation\\Http\\{closure}(Object(Illuminate\\Http\\Request))
#52 C:\\Users\\ACER\\.gemini\\antigravity\\scratch\\e-surat-kominfo\\vendor\\laravel\\framework\\src\\Illuminate\\Foundation\\Http\\Middleware\\TransformsRequest.php(21): Illuminate\\Pipeline\\Pipeline->Illuminate\\Pipeline\\{closure}(Object(Illuminate\\Http\\Request))
#53 C:\\Users\\ACER\\.gemini\\antigravity\\scratch\\e-surat-kominfo\\vendor\\laravel\\framework\\src\\Illuminate\\Foundation\\Http\\Middleware\\ConvertEmptyStringsToNull.php(31): Illuminate\\Foundation\\Http\\Middleware\\TransformsRequest->handle(Object(Illuminate\\Http\\Request), Object(Closure))
#54 C:\\Users\\ACER\\.gemini\\antigravity\\scratch\\e-surat-kominfo\\vendor\\laravel\\framework\\src\\Illuminate\\Pipeline\\Pipeline.php(180): Illuminate\\Foundation\\Http\\Middleware\\ConvertEmptyStringsToNull->handle(Object(Illuminate\\Http\\Request), Object(Closure))
#55 C:\\Users\\ACER\\.gemini\\antigravity\\scratch\\e-surat-kominfo\\vendor\\laravel\\framework\\src\\Illuminate\\Foundation\\Http\\Middleware\\TransformsRequest.php(21): Illuminate\\Pipeline\\Pipeline->Illuminate\\Pipeline\\{closure}(Object(Illuminate\\Http\\Request))
#56 C:\\Users\\ACER\\.gemini\\antigravity\\scratch\\e-surat-kominfo\\vendor\\laravel\\framework\\src\\Illuminate\\Foundation\\Http\\Middleware\\TrimStrings.php(40): Illuminate\\Foundation\\Http\\Middleware\\TransformsRequest->handle(Object(Illuminate\\Http\\Request), Object(Closure))
#57 C:\\Users\\ACER\\.gemini\\antigravity\\scratch\\e-surat-kominfo\\vendor\\laravel\\framework\\src\\Illuminate\\Pipeline\\Pipeline.php(180): Illuminate\\Foundation\\Http\\Middleware\\TrimStrings->handle(Object(Illuminate\\Http\\Request), Object(Closure))
#58 C:\\Users\\ACER\\.gemini\\antigravity\\scratch\\e-surat-kominfo\\vendor\\laravel\\framework\\src\\Illuminate\\Foundation\\Http\\Middleware\\ValidatePostSize.php(27): Illuminate\\Pipeline\\Pipeline->Illuminate\\Pipeline\\{closure}(Object(Illuminate\\Http\\Request))
#59 C:\\Users\\ACER\\.gemini\\antigravity\\scratch\\e-surat-kominfo\\vendor\\laravel\\framework\\src\\Illuminate\\Pipeline\\Pipeline.php(180): Illuminate\\Foundation\\Http\\Middleware\\ValidatePostSize->handle(Object(Illuminate\\Http\\Request), Object(Closure))
#60 C:\\Users\\ACER\\.gemini\\antigravity\\scratch\\e-surat-kominfo\\vendor\\laravel\\framework\\src\\Illuminate\\Foundation\\Http\\Middleware\\PreventRequestsDuringMaintenance.php(86): Illuminate\\Pipeline\\Pipeline->Illuminate\\Pipeline\\{closure}(Object(Illuminate\\Http\\Request))
#61 C:\\Users\\ACER\\.gemini\\antigravity\\scratch\\e-surat-kominfo\\vendor\\laravel\\framework\\src\\Illuminate\\Pipeline\\Pipeline.php(180): Illuminate\\Foundation\\Http\\Middleware\\PreventRequestsDuringMaintenance->handle(Object(Illuminate\\Http\\Request), Object(Closure))
#62 C:\\Users\\ACER\\.gemini\\antigravity\\scratch\\e-surat-kominfo\\vendor\\laravel\\framework\\src\\Illuminate\\Http\\Middleware\\HandleCors.php(49): Illuminate\\Pipeline\\Pipeline->Illuminate\\Pipeline\\{closure}(Object(Illuminate\\Http\\Request))
#63 C:\\Users\\ACER\\.gemini\\antigravity\\scratch\\e-surat-kominfo\\vendor\\laravel\\framework\\src\\Illuminate\\Pipeline\\Pipeline.php(180): Illuminate\\Http\\Middleware\\HandleCors->handle(Object(Illuminate\\Http\\Request), Object(Closure))
#64 C:\\Users\\ACER\\.gemini\\antigravity\\scratch\\e-surat-kominfo\\vendor\\laravel\\framework\\src\\Illuminate\\Pipeline\\Pipeline.php(116): Illuminate\\Pipeline\\Pipeline->Illuminate\\Pipeline\\{closure}(Object(Illuminate\\Http\\Request))
#65 C:\\Users\\ACER\\.gemini\\antigravity\\scratch\\e-surat-kominfo\\vendor\\laravel\\framework\\src\\Illuminate\\Foundation\\Http\\Kernel.php(165): Illuminate\\Pipeline\\Pipeline->then(Object(Closure))
#66 C:\\Users\\ACER\\.gemini\\antigravity\\scratch\\e-surat-kominfo\\vendor\\laravel\\framework\\src\\Illuminate\\Foundation\\Http\\Kernel.php(134): Illuminate\\Foundation\\Http\\Kernel->sendRequestThroughRouter(Object(Illuminate\\Http\\Request))
#67 C:\\Users\\ACER\\.gemini\\antigravity\\scratch\\e-surat-kominfo\\public\\index.php(53): Illuminate\\Foundation\\Http\\Kernel->handle(Object(Illuminate\\Http\\Request))
#68 C:\\Users\\ACER\\.gemini\\antigravity\\scratch\\e-surat-kominfo\\vendor\\laravel\\framework\\src\\Illuminate\\Foundation\\resources\\server.php(16): require_once('C:\\\\Users\\\\ACER\\\\....')
#69 {main}
"} 
[2026-05-07 08:48:40] laravel.EMERGENCY: Unable to create configured logger. Using emergency logger. {"exception":"[object] (InvalidArgumentException(code: 0): Log [] is not defined. at C:\\Users\\ACER\\.gemini\\antigravity\\scratch\\e-surat-kominfo\\vendor\\laravel\\framework\\src\\Illuminate\\Log\\LogManager.php:210)
[stacktrace]
#0 C:\\Users\\ACER\\.gemini\\antigravity\\scratch\\e-surat-kominfo\\vendor\\laravel\\framework\\src\\Illuminate\\Log\\LogManager.php(135): Illuminate\\Log\\LogManager->resolve(NULL, NULL)
#1 C:\\Users\\ACER\\.gemini\\antigravity\\scratch\\e-surat-kominfo\\vendor\\laravel\\framework\\src\\Illuminate\\Log\\LogManager.php(122): Illuminate\\Log\\LogManager->get(NULL)
#2 C:\\Users\\ACER\\.gemini\\antigravity\\scratch\\e-surat-kominfo\\vendor\\laravel\\framework\\src\\Illuminate\\Log\\LogManager.php(645): Illuminate\\Log\\LogManager->driver()
#3 C:\\Users\\ACER\\.gemini\\antigravity\\scratch\\e-surat-kominfo\\vendor\\laravel\\framework\\src\\Illuminate\\Foundation\\Exceptions\\Handler.php(274): Illuminate\\Log\\LogManager->error('Command \"erve\" ...', Array)
#4 C:\\Users\\ACER\\.gemini\\antigravity\\scratch\\e-surat-kominfo\\vendor\\nunomaduro\\collision\\src\\Adapters\\Laravel\\ExceptionHandler.php(46): Illuminate\\Foundation\\Exceptions\\Handler->report(Object(Symfony\\Component\\Console\\Exception\\CommandNotFoundException))
#5 C:\\Users\\ACER\\.gemini\\antigravity\\scratch\\e-surat-kominfo\\vendor\\laravel\\framework\\src\\Illuminate\\Foundation\\Console\\Kernel.php(454): NunoMaduro\\Collision\\Adapters\\Laravel\\ExceptionHandler->report(Object(Symfony\\Component\\Console\\Exception\\CommandNotFoundException))
#6 C:\\Users\\ACER\\.gemini\\antigravity\\scratch\\e-surat-kominfo\\vendor\\laravel\\framework\\src\\Illuminate\\Foundation\\Console\\Kernel.php(157): Illuminate\\Foundation\\Console\\Kernel->reportException(Object(Symfony\\Component\\Console\\Exception\\CommandNotFoundException))
#7 C:\\Users\\ACER\\.gemini\\antigravity\\scratch\\e-surat-kominfo\\artisan(53): Illuminate\\Foundation\\Console\\Kernel->handle(Object(Symfony\\Component\\Console\\Input\\ArgvInput), Object(Symfony\\Component\\Console\\Output\\ConsoleOutput))
#8 {main}
"} 
[2026-05-07 08:48:40] laravel.ERROR: Command "erve" is not defined.

Did you mean one of these?
    make:observer
    serve {"exception":"[object] (Symfony\\Component\\Console\\Exception\\CommandNotFoundException(code: 0): Command \"erve\" is not defined.

Did you mean one of these?
    make:observer
    serve at C:\\Users\\ACER\\.gemini\\antigravity\\scratch\\e-surat-kominfo\\vendor\\symfony\\console\\Application.php:694)
[stacktrace]
#0 C:\\Users\\ACER\\.gemini\\antigravity\\scratch\\e-surat-kominfo\\vendor\\symfony\\console\\Application.php(259): Symfony\\Component\\Console\\Application->find('erve')
#1 C:\\Users\\ACER\\.gemini\\antigravity\\scratch\\e-surat-kominfo\\vendor\\symfony\\console\\Application.php(171): Symfony\\Component\\Console\\Application->doRun(Object(Symfony\\Component\\Console\\Input\\ArgvInput), Object(Symfony\\Component\\Console\\Output\\ConsoleOutput))
#2 C:\\Users\\ACER\\.gemini\\antigravity\\scratch\\e-surat-kominfo\\vendor\\laravel\\framework\\src\\Illuminate\\Console\\Application.php(102): Symfony\\Component\\Console\\Application->run(Object(Symfony\\Component\\Console\\Input\\ArgvInput), Object(Symfony\\Component\\Console\\Output\\ConsoleOutput))
#3 C:\\Users\\ACER\\.gemini\\antigravity\\scratch\\e-surat-kominfo\\vendor\\laravel\\framework\\src\\Illuminate\\Foundation\\Console\\Kernel.php(155): Illuminate\\Console\\Application->run(Object(Symfony\\Component\\Console\\Input\\ArgvInput), Object(Symfony\\Component\\Console\\Output\\ConsoleOutput))
#4 C:\\Users\\ACER\\.gemini\\antigravity\\scratch\\e-surat-kominfo\\artisan(53): Illuminate\\Foundation\\Console\\Kernel->handle(Object(Symfony\\Component\\Console\\Input\\ArgvInput), Object(Symfony\\Component\\Console\\Output\\ConsoleOutput))
#5 {main}
"} 
[2026-05-10 15:35:21] laravel.EMERGENCY: Unable to create configured logger. Using emergency logger. {"exception":"[object] (InvalidArgumentException(code: 0): Log [] is not defined. at C:\\e-surat-kominfo\\vendor\\laravel\\framework\\src\\Illuminate\\Log\\LogManager.php:210)
[stacktrace]
#0 C:\\e-surat-kominfo\\vendor\\laravel\\framework\\src\\Illuminate\\Log\\LogManager.php(135): Illuminate\\Log\\LogManager->resolve(NULL, NULL)
#1 C:\\e-surat-kominfo\\vendor\\laravel\\framework\\src\\Illuminate\\Log\\LogManager.php(122): Illuminate\\Log\\LogManager->get(NULL)
#2 C:\\e-surat-kominfo\\vendor\\laravel\\framework\\src\\Illuminate\\Log\\LogManager.php(645): Illuminate\\Log\\LogManager->driver()
#3 C:\\e-surat-kominfo\\vendor\\laravel\\framework\\src\\Illuminate\\Foundation\\Exceptions\\Handler.php(274): Illuminate\\Log\\LogManager->error('Command \"reve\" ...', Array)
#4 C:\\e-surat-kominfo\\vendor\\nunomaduro\\collision\\src\\Adapters\\Laravel\\ExceptionHandler.php(46): Illuminate\\Foundation\\Exceptions\\Handler->report(Object(Symfony\\Component\\Console\\Exception\\CommandNotFoundException))
#5 C:\\e-surat-kominfo\\vendor\\laravel\\framework\\src\\Illuminate\\Foundation\\Console\\Kernel.php(454): NunoMaduro\\Collision\\Adapters\\Laravel\\ExceptionHandler->report(Object(Symfony\\Component\\Console\\Exception\\CommandNotFoundException))
#6 C:\\e-surat-kominfo\\vendor\\laravel\\framework\\src\\Illuminate\\Foundation\\Console\\Kernel.php(157): Illuminate\\Foundation\\Console\\Kernel->reportException(Object(Symfony\\Component\\Console\\Exception\\CommandNotFoundException))
#7 C:\\e-surat-kominfo\\artisan(53): Illuminate\\Foundation\\Console\\Kernel->handle(Object(Symfony\\Component\\Console\\Input\\ArgvInput), Object(Symfony\\Component\\Console\\Output\\ConsoleOutput))
#8 {main}
"} 
[2026-05-10 15:35:21] laravel.ERROR: Command "reve" is not defined. {"exception":"[object] (Symfony\\Component\\Console\\Exception\\CommandNotFoundException(code: 0): Command \"reve\" is not defined. at C:\\e-surat-kominfo\\vendor\\symfony\\console\\Application.php:694)
[stacktrace]
#0 C:\\e-surat-kominfo\\vendor\\symfony\\console\\Application.php(259): Symfony\\Component\\Console\\Application->find('reve')
#1 C:\\e-surat-kominfo\\vendor\\symfony\\console\\Application.php(171): Symfony\\Component\\Console\\Application->doRun(Object(Symfony\\Component\\Console\\Input\\ArgvInput), Object(Symfony\\Component\\Console\\Output\\ConsoleOutput))
#2 C:\\e-surat-kominfo\\vendor\\laravel\\framework\\src\\Illuminate\\Console\\Application.php(102): Symfony\\Component\\Console\\Application->run(Object(Symfony\\Component\\Console\\Input\\ArgvInput), Object(Symfony\\Component\\Console\\Output\\ConsoleOutput))
#3 C:\\e-surat-kominfo\\vendor\\laravel\\framework\\src\\Illuminate\\Foundation\\Console\\Kernel.php(155): Illuminate\\Console\\Application->run(Object(Symfony\\Component\\Console\\Input\\ArgvInput), Object(Symfony\\Component\\Console\\Output\\ConsoleOutput))
#4 C:\\e-surat-kominfo\\artisan(53): Illuminate\\Foundation\\Console\\Kernel->handle(Object(Symfony\\Component\\Console\\Input\\ArgvInput), Object(Symfony\\Component\\Console\\Output\\ConsoleOutput))
#5 {main}
"} 
